Notes	ManualCheck	MergeInto	RenameKeyGroup	KeyParamGroup	KeyGroup	ParamGroup	Counts	Dim1Size	Dim2Size	Dim3Size	EchoTime	EffectiveEchoSpacing	FlipAngle	HasFieldmap	ImageOrientation	KeyGroupCount	Modality	MultibandAccelerationFactor	NSliceTimes	NumVolumes	Obliquity	ParallelReductionFactorInPlane	PartialFourier	PhaseEncodingDirection	RepetitionTime	TotalReadoutTime	UsedAsFieldmap	VoxelSizeDim1	VoxelSizeDim2	VoxelSizeDim3
				acquisition-HCP_datatype-anat_session-HBNsiteRU_suffix-T1w__1	acquisition-HCP_datatype-anat_session-HBNsiteRU_suffix-T1w	1	1157	224	320	320	0.00315		8	False	LAS+	1157	anat		0	1.0	False	2.0	1.0		2.5		False	0.7999983429908752	0.800000011920929	0.800000011920929
				acquisition-HCP_datatype-anat_session-HBNsiteRU_suffix-T2w__1	acquisition-HCP_datatype-anat_session-HBNsiteRU_suffix-T2w	1	468	224	320	320	0.564		120	False	LAS+	913	anat		0	1.0	False	2.0	1.0		3.2		False	0.8000010848045349	0.800000011920929	0.800000011920929
			acquisition-HCPVARIANTEchoTimeVoxelSizeDim1_datatype-anat_session-HBNsiteRU_suffix-T2w	acquisition-HCP_datatype-anat_session-HBNsiteRU_suffix-T2w__2	acquisition-HCP_datatype-anat_session-HBNsiteRU_suffix-T2w	2	445	224	320	320	0.565		120	False	LAS+	913	anat		0	1.0	False	2.0	1.0		3.2		False	0.7999983429908752	0.800000011920929	0.800000011920929
				acquisition-VNavNorm_datatype-anat_session-HBNsiteCBIC_suffix-T1w__1	acquisition-VNavNorm_datatype-anat_session-HBNsiteCBIC_suffix-T1w	1	911	176	256	256	0.00288		8	False	LAS+	911	anat		0	1.0	False	2.0	1.0		2.5		False	1.0	1.0	1.0
				acquisition-VNavNorm_datatype-anat_session-HBNsiteCBIC_suffix-T2w__1	acquisition-VNavNorm_datatype-anat_session-HBNsiteCBIC_suffix-T2w	1	835	176	256	256	0.565		120	False	LAS+	835	anat		0	1.0	False	2.0	1.0		3.2		False	1.0	1.0	1.0
				datatype-anat_session-HBNsiteSI_suffix-T1w__1	datatype-anat_session-HBNsiteSI_suffix-T1w	1	343	176	256	256	0.00164		7	False	LAS+	343	anat		0	1.0	False	2.0	1.0		2.73		False	1.0000015497207642	1.0	1.0
				acquisition-VNavNorm_datatype-anat_session-HBNsiteCUNY_suffix-T1w__1	acquisition-VNavNorm_datatype-anat_session-HBNsiteCUNY_suffix-T1w	1	88	176	256	256	0.0029		8	False	LAS+	88	anat		0	1.0	False	2.0	1.0		2.5		False	1.0000005960464478	1.0	1.0
				acquisition-VNavNorm_datatype-anat_session-HBNsiteCUNY_suffix-T2w__1	acquisition-VNavNorm_datatype-anat_session-HBNsiteCUNY_suffix-T2w	1	75	176	256	256	0.565		120	False	LAS+	77	anat		0	1.0	False	2.0	1.0		3.2		False	1.0	1.0	1.0
			acquisition-VNavNormVARIANTImageOrientation_datatype-anat_session-HBNsiteCUNY_suffix-T2w	acquisition-VNavNorm_datatype-anat_session-HBNsiteCUNY_suffix-T2w__2	acquisition-VNavNorm_datatype-anat_session-HBNsiteCUNY_suffix-T2w	2	2	176	256	256	0.565		120	False	RAS+	77	anat		0	1.0	False	2.0	1.0		3.2		False	1.0	1.0	1.0
				acquisition-HCPVARIANTEchoTime_datatype-anat_session-HBNsiteRU_suffix-T2w__1	acquisition-HCPVARIANTEchoTime_datatype-anat_session-HBNsiteRU_suffix-T2w	1	57	224	320	320	0.567		120	False	LAS+	76	anat		0	1.0	False	2.0	1.0		3.2		False	0.7999989986419678	0.800000011920929	0.800000011920929
				acquisition-HCPVARIANTEchoTime_datatype-anat_session-HBNsiteRU_suffix-T2w__2	acquisition-HCPVARIANTEchoTime_datatype-anat_session-HBNsiteRU_suffix-T2w	2	19	224	320	320	0.566		120	False	LAS+	76	anat		0	1.0	False	2.0	1.0		3.2		False	0.7999964356422424	0.800000011920929	0.800000011920929
				acquisition-HCP_datatype-anat_session-HBNsiteCBIC_suffix-T1w__1	acquisition-HCP_datatype-anat_session-HBNsiteCBIC_suffix-T1w	1	57	224	320	320	0.00315		8	False	LAS+	57	anat		0	1.0	False	2.0	1.0		2.5		False	0.7999985218048096	0.800000011920929	0.800000011920929
				acquisition-HCP_datatype-anat_session-HBNsiteCBIC_suffix-T2w__1	acquisition-HCP_datatype-anat_session-HBNsiteCBIC_suffix-T2w	1	44	256	320	320	0.564		120	False	LAS+	44	anat		0	1.0	False	2.0	1.0		3.2		False	0.7000002861022949	0.699999988079071	0.699999988079071
				acquisition-HCP_datatype-anat_session-HBNsiteCUNY_suffix-T1w__1	acquisition-HCP_datatype-anat_session-HBNsiteCUNY_suffix-T1w	1	5	224	320	320	0.00315		8	False	LAS+	5	anat		0	1.0	False	2.0	1.0		2.5		False	0.7999954223632812	0.800000011920929	0.800000011920929
				acquisition-HCPVARIANTEchoTimeDim1SizeDim3Size_datatype-anat_session-HBNsiteRU_suffix-T2w__1	acquisition-HCPVARIANTEchoTimeDim1SizeDim3Size_datatype-anat_session-HBNsiteRU_suffix-T2w	1	2	320	320	224	0.567		120	False	LAS+	2	anat		0	1.0	False	2.0	1.0		3.2		False	0.800000011920929	0.800000011920929	0.7999979853630066
				acquisition-HCPVARIANTVoxelSizeDim2VoxelSizeDim3_datatype-anat_session-HBNsiteCBIC_suffix-T2w__1	acquisition-HCPVARIANTVoxelSizeDim2VoxelSizeDim3_datatype-anat_session-HBNsiteCBIC_suffix-T2w	1	1	256	320	320	0.564		120	False	LAS+	2	anat		0	1.0	False	2.0	1.0		3.2		False	0.7000045776367188	0.75	0.75
				acquisition-HCPVARIANTVoxelSizeDim2VoxelSizeDim3_datatype-anat_session-HBNsiteCBIC_suffix-T2w__2	acquisition-HCPVARIANTVoxelSizeDim2VoxelSizeDim3_datatype-anat_session-HBNsiteCBIC_suffix-T2w	2	1	256	320	320	0.564		120	False	LAS+	2	anat		0	1.0	False	2.0	1.0		3.2		False	0.6999969482421875	0.800000011920929	0.800000011920929
				acquisition-HCPVARIANTDim1SizeDim3Size_datatype-anat_session-HBNsiteRU_suffix-T1w__1	acquisition-HCPVARIANTDim1SizeDim3Size_datatype-anat_session-HBNsiteRU_suffix-T1w	1	1	320	320	224	0.00315		8	False	LAS+	1	anat		0	1.0	False	2.0	1.0		2.5		False	0.800000011920929	0.800000011920929	0.7999990582466125
				acquisition-HCPVARIANTDim1Size_datatype-anat_session-HBNsiteCBIC_suffix-T1w__1	acquisition-HCPVARIANTDim1Size_datatype-anat_session-HBNsiteCBIC_suffix-T1w	1	1	131	320	320	0.00315		8	False	LAS+	1	anat		0	1.0	False	2.0	1.0		2.5		False	0.8000022172927856	0.800000011920929	0.800000011920929
				acquisition-HCPVARIANTEchoTimeDim1Size_datatype-anat_session-HBNsiteRU_suffix-T2w__1	acquisition-HCPVARIANTEchoTimeDim1Size_datatype-anat_session-HBNsiteRU_suffix-T2w	1	1	202	320	320	0.564		120	False	LAS+	1	anat		0	1.0	False	2.0	1.0		3.2		False	0.7999987006187439	0.800000011920929	0.800000011920929
				acquisition-HCPVARIANTVoxelSizeDim2VoxelSizeDim3_datatype-anat_session-HBNsiteRU_suffix-T1w__1	acquisition-HCPVARIANTVoxelSizeDim2VoxelSizeDim3_datatype-anat_session-HBNsiteRU_suffix-T1w	1	1	224	320	320	0.00318		8	False	LAS+	1	anat		0	1.0	False	2.0	1.0		2.5		False	0.7999979853630066	0.768750011920929	0.768750011920929
				acquisition-VNavNormVARIANTDim1Size_datatype-anat_session-HBNsiteCUNY_suffix-T1w__1	acquisition-VNavNormVARIANTDim1Size_datatype-anat_session-HBNsiteCUNY_suffix-T1w	1	1	114	256	256	0.0029		8	False	LAS+	1	anat		0	1.0	False	2.0	1.0		2.5		False	1.0	1.0	1.0
				acquisition-64dir_datatype-dwi_session-HBNsiteRU_suffix-dwi__1	acquisition-64dir_datatype-dwi_session-HBNsiteRU_suffix-dwi	1	862	104	104	72	0.1002	0.000414993	90	True	LAS+	862	dwi		0	129.0	True	2.0	1.0	j-	3.32	0.0427443	False	1.798076868057251	1.798076868057251	1.7999974489212036
				acquisition-64dir_datatype-dwi_session-HBNsiteCBIC_suffix-dwi__1	acquisition-64dir_datatype-dwi_session-HBNsiteCBIC_suffix-dwi	1	845	104	104	72	0.1002	0.000389997	90	True	LAS+	847	dwi	3.0	72	129.0	False	2.0	1.0	j-	3.32	0.0401697	False	1.798076868057251	1.798076868057251	1.7999999523162842
			acquisition-64dirVARIANTNoFmap_datatype-dwi_session-HBNsiteCBIC_suffix-dwi	acquisition-64dir_datatype-dwi_session-HBNsiteCBIC_suffix-dwi__2	acquisition-64dir_datatype-dwi_session-HBNsiteCBIC_suffix-dwi	2	2	104	104	72	0.1002	0.000389997	90	False	LAS+	847	dwi	3.0	72	129.0	False	2.0	1.0	j-	3.32	0.0401697	False	1.798076868057251	1.798076868057251	1.7999999523162842
				acquisition-64dir_datatype-dwi_session-HBNsiteSI_suffix-dwi__1	acquisition-64dir_datatype-dwi_session-HBNsiteSI_suffix-dwi	1	269	96	96	72	0.0938	0.00071998	90	True	LAS+	269	dwi	3.0	72	129.0	False		0.75	j-	4.5	0.0683981	False	2.0	2.0	2.0
				acquisition-64dir_datatype-dwi_session-HBNsiteCUNY_suffix-dwi__1	acquisition-64dir_datatype-dwi_session-HBNsiteCUNY_suffix-dwi	1	67	104	104	72	0.1002	0.000389997	90	True	LAS+	73	dwi	3.0	72	129.0	False	2.0	1.0	j-	3.32	0.0401697	False	1.798076868057251	1.798076868057251	1.8000000715255737
			acquisition-64dirVARIANTVoxelSizeDim3NoFmap_datatype-dwi_session-HBNsiteCUNY_suffix-dwi	acquisition-64dir_datatype-dwi_session-HBNsiteCUNY_suffix-dwi__2	acquisition-64dir_datatype-dwi_session-HBNsiteCUNY_suffix-dwi	2	6	104	104	72	0.1002	0.000389997	90	False	LAS+	73	dwi	3.0	72	129.0	False	2.0	1.0	j-	3.32	0.0401697	False	1.798076868057251	1.798076868057251	1.7999999523162842
				acquisition-64dirVARIANTObliquity_datatype-dwi_session-HBNsiteCBIC_suffix-dwi__1	acquisition-64dirVARIANTObliquity_datatype-dwi_session-HBNsiteCBIC_suffix-dwi	1	33	104	104	72	0.1002	0.000389997	90	True	LAS+	34	dwi	3.0	72	129.0	True	2.0	1.0	j-	3.32	0.0401697	False	1.798076868057251	1.798076868057251	1.8000000715255737
				acquisition-64dirVARIANTObliquity_datatype-dwi_session-HBNsiteCBIC_suffix-dwi__2	acquisition-64dirVARIANTObliquity_datatype-dwi_session-HBNsiteCBIC_suffix-dwi	2	1	104	104	72	0.1002	0.000389997	90	False	LAS+	34	dwi	3.0	72	129.0	True	2.0	1.0	j-	3.32	0.0401697	False	1.798076868057251	1.798076868057251	1.7999999523162842
				acquisition-ABCD64dir_datatype-dwi_session-HBNsiteCBIC_suffix-dwi__1	acquisition-ABCD64dir_datatype-dwi_session-HBNsiteCBIC_suffix-dwi	1	15	140	140	81	0.089	0.000669999	90	False	LAS+	15	dwi		0	129.0	False		0.75	j-	4.1	0.0931298	False	1.7142857313156128	1.7142857313156128	1.7000007629394531
				acquisition-64dirVARIANTObliquity_datatype-dwi_session-HBNsiteSI_suffix-dwi__1	acquisition-64dirVARIANTObliquity_datatype-dwi_session-HBNsiteSI_suffix-dwi	1	12	96	96	72	0.0938	0.00071998	90	True	LAS+	12	dwi	3.0	72	129.0	True		0.75	j-	4.5	0.0683981	False	2.0	2.0	2.0
				acquisition-64dirVARIANTEchoTimePhaseEncodingDirection_datatype-dwi_session-HBNsiteSI_suffix-dwi__1	acquisition-64dirVARIANTEchoTimePhaseEncodingDirection_datatype-dwi_session-HBNsiteSI_suffix-dwi	1	9	96	96	72	0.0946	0.000739978	90	True	LAS+	9	dwi	3.0	72	129.0	False		0.75	i	4.5	0.0702979	False	2.0	2.0	2.0
				acquisition-64dirVARIANTObliquity_datatype-dwi_session-HBNsiteRU_suffix-dwi__1	acquisition-64dirVARIANTObliquity_datatype-dwi_session-HBNsiteRU_suffix-dwi	1	8	104	104	72	0.1002	0.000414993	90	True	LAS+	8	dwi		0	129.0	False	2.0	1.0	j-	3.32	0.0427443	False	1.798076868057251	1.798076868057251	1.7999954223632812
				acquisition-64dirVARIANTNoFmap_datatype-dwi_session-HBNsiteRU_suffix-dwi__1	acquisition-64dirVARIANTNoFmap_datatype-dwi_session-HBNsiteRU_suffix-dwi	1	5	104	104	72	0.1002	0.000414993	90	False	LAS+	5	dwi		0	129.0	True	2.0	1.0	j-	3.32	0.0427443	False	1.798076868057251	1.798076868057251	1.8000015020370483
				acquisition-64dirVARIANTDim3SizeVoxelSizeDim3_datatype-dwi_session-HBNsiteCUNY_suffix-dwi__1	acquisition-64dirVARIANTDim3SizeVoxelSizeDim3_datatype-dwi_session-HBNsiteCUNY_suffix-dwi	1	3	104	104	60	0.1002	0.000389997	90	True	LAS+	4	dwi	3.0	60	129.0	False	2.0	1.0	j-	3.32	0.0401697	False	1.798076868057251	1.798076868057251	2.4000000953674316
				acquisition-64dirVARIANTDim3SizeVoxelSizeDim3_datatype-dwi_session-HBNsiteCUNY_suffix-dwi__2	acquisition-64dirVARIANTDim3SizeVoxelSizeDim3_datatype-dwi_session-HBNsiteCUNY_suffix-dwi	2	1	104	104	60	0.1002	0.000389997	90	False	LAS+	4	dwi	3.0	60	129.0	False	2.0	1.0	j-	3.32	0.0401697	False	1.798076868057251	1.798076868057251	2.3999998569488525
				acquisition-64dirVARIANTNoFmap_datatype-dwi_session-HBNsiteCBIC_suffix-dwi__1	acquisition-64dirVARIANTNoFmap_datatype-dwi_session-HBNsiteCBIC_suffix-dwi	1	3	104	104	72	0.1002	0.000389997	90	False	LAS+	3	dwi	3.0	72	129.0	False	2.0	1.0	j-	3.32	0.0401697	False	1.798076868057251	1.798076868057251	1.7999999523162842
				acquisition-64dirVARIANTObliquity_datatype-dwi_session-HBNsiteCUNY_suffix-dwi__1	acquisition-64dirVARIANTObliquity_datatype-dwi_session-HBNsiteCUNY_suffix-dwi	1	2	104	104	72	0.1002	0.000389997	90	True	LAS+	3	dwi	3.0	72	129.0	True	2.0	1.0	j-	3.32	0.0401697	False	1.798076868057251	1.798076868057251	1.7999999523162842
				acquisition-64dirVARIANTObliquity_datatype-dwi_session-HBNsiteCUNY_suffix-dwi__2	acquisition-64dirVARIANTObliquity_datatype-dwi_session-HBNsiteCUNY_suffix-dwi	2	1	104	104	72	0.1002	0.000389997	90	False	LAS+	3	dwi	3.0	72	129.0	True	2.0	1.0	j-	3.32	0.0401697	False	1.798076868057251	1.798076868057251	1.7999999523162842
				acquisition-64dirVARIANTNoFmap_datatype-dwi_session-HBNsiteSI_suffix-dwi__1	acquisition-64dirVARIANTNoFmap_datatype-dwi_session-HBNsiteSI_suffix-dwi	1	2	96	96	72	0.0938	0.00071998	90	False	LAS+	2	dwi	3.0	72	129.0	False		0.75	j-	4.5	0.0683981	False	2.0	2.0	2.0
				acquisition-ABCD64dirVARIANTHasFmap_datatype-dwi_session-HBNsiteCBIC_suffix-dwi__1	acquisition-ABCD64dirVARIANTHasFmap_datatype-dwi_session-HBNsiteCBIC_suffix-dwi	1	1	140	140	81	0.089	0.000669999	90	False	LAS+	2	dwi		0	129.0	False		0.75	j-	4.1	0.0931298	False	1.7142857313156128	1.7142857313156128	1.7000007629394531
				acquisition-ABCD64dirVARIANTHasFmap_datatype-dwi_session-HBNsiteCBIC_suffix-dwi__2	acquisition-ABCD64dirVARIANTHasFmap_datatype-dwi_session-HBNsiteCBIC_suffix-dwi	2	1	140	140	81	0.089	0.000669999	90	True	LAS+	2	dwi		0	129.0	False		0.75	j-	4.1	0.0931298	False	1.7142857313156128	1.7142857313156128	1.7000007629394531
				acquisition-64dirVARIANTEchoTime_datatype-dwi_session-HBNsiteSI_suffix-dwi__1	acquisition-64dirVARIANTEchoTime_datatype-dwi_session-HBNsiteSI_suffix-dwi	1	1	96	96	72	0.0946	0.000739978	90	True	LAS+	1	dwi	3.0	72	129.0	False		0.75	j-	4.5	0.0702979	False	2.0	2.0	2.0
				acquisition-64dirVARIANTNoFmap_datatype-dwi_session-HBNsiteCUNY_suffix-dwi__1	acquisition-64dirVARIANTNoFmap_datatype-dwi_session-HBNsiteCUNY_suffix-dwi	1	1	104	104	72	0.1002	0.000389997	90	False	LAS+	1	dwi	3.0	72	129.0	False	2.0	1.0	j-	3.32	0.0401697	False	1.798076868057251	1.798076868057251	1.7999999523162842
				acquisition-64dirVARIANTVoxelSizeDim1VoxelSizeDim2_datatype-dwi_session-HBNsiteCBIC_suffix-dwi__1	acquisition-64dirVARIANTVoxelSizeDim1VoxelSizeDim2_datatype-dwi_session-HBNsiteCBIC_suffix-dwi	1	1	104	104	72	0.1002	0.000389997	90	True	LAS+	1	dwi	3.0	72	129.0	False	2.0	1.0	j-	3.32	0.0401697	False	1.826923131942749	1.826923131942749	1.7999999523162842
				acquisition-ABCD64dirVARIANTMultibandAccelerationFactor_datatype-dwi_session-HBNsiteCBIC_suffix-dwi__1	acquisition-ABCD64dirVARIANTMultibandAccelerationFactor_datatype-dwi_session-HBNsiteCBIC_suffix-dwi	1	1	140	140	81	0.089	0.000669999	90	False	LAS+	1	dwi	3.0	81	129.0	False		0.75	j-	4.1	0.0931298	False	1.7142857313156128	1.7142857313156128	1.7000000476837158
				acquisition-ABCD64dirVARIANTObliquity_datatype-dwi_session-HBNsiteCBIC_suffix-dwi__1	acquisition-ABCD64dirVARIANTObliquity_datatype-dwi_session-HBNsiteCBIC_suffix-dwi	1	1	140	140	81	0.089	0.000669999	90	False	LAS+	1	dwi		0	129.0	True		0.75	j-	4.1	0.0931298	False	1.7142857313156128	1.7142857313156128	1.6999999284744263
				acquisition-fMRI_datatype-fmap_direction-AP_fmap-epi_session-HBNsiteRU_suffix-epi__1	acquisition-fMRI_datatype-fmap_direction-AP_fmap-epi_session-HBNsiteRU_suffix-epi	1	1151	84	84	60	0.0512	0.000550001	90	False	LAS+	1185	fmap		60	1.0	True		1.0	j-	5.301	0.04565	True	2.404761791229248	2.404761791229248	2.4000000953674316
			acquisition-fMRIVARIANTObliquityVoxelSizeDim3_datatype-fmap_direction-AP_fmap-epi_session-HBNsiteRU_suffix-epi	acquisition-fMRI_datatype-fmap_direction-AP_fmap-epi_session-HBNsiteRU_suffix-epi__2	acquisition-fMRI_datatype-fmap_direction-AP_fmap-epi_session-HBNsiteRU_suffix-epi	2	14	84	84	60	0.0512	0.000550001	90	False	LAS+	1185	fmap		60	1.0	False		1.0	j-	5.301	0.04565	True	2.404761791229248	2.404761791229248	2.3999998569488525
			acquisition-fMRIVARIANTUnused_datatype-fmap_direction-AP_fmap-epi_session-HBNsiteRU_suffix-epi	acquisition-fMRI_datatype-fmap_direction-AP_fmap-epi_session-HBNsiteRU_suffix-epi__3	acquisition-fMRI_datatype-fmap_direction-AP_fmap-epi_session-HBNsiteRU_suffix-epi	3	14	84	84	60	0.0512	0.000550001	90	False	LAS+	1185	fmap		60	1.0	True		1.0	j-	5.301	0.04565	False	2.404761791229248	2.404761791229248	2.4000000953674316
			acquisition-fMRIVARIANTVoxelSizeDim1VoxelSizeDim2_datatype-fmap_direction-AP_fmap-epi_session-HBNsiteRU_suffix-epi	acquisition-fMRI_datatype-fmap_direction-AP_fmap-epi_session-HBNsiteRU_suffix-epi__4	acquisition-fMRI_datatype-fmap_direction-AP_fmap-epi_session-HBNsiteRU_suffix-epi	4	2	84	84	60	0.0512	0.000550001	90	False	LAS+	1185	fmap		60	1.0	True		1.0	j-	5.301	0.04565	True	2.392857074737549	2.392857074737549	2.4000000953674316
			acquisition-fMRIVARIANTPhaseEncodingDirectionVoxelSizeDim3_datatype-fmap_direction-AP_fmap-epi_session-HBNsiteRU_suffix-epi	acquisition-fMRI_datatype-fmap_direction-AP_fmap-epi_session-HBNsiteRU_suffix-epi__5	acquisition-fMRI_datatype-fmap_direction-AP_fmap-epi_session-HBNsiteRU_suffix-epi	5	1	84	84	60	0.0512	0.000550001	90	False	LAS+	1185	fmap		60	1.0	True		1.0	j	5.301	0.04565	True	2.404761791229248	2.404761791229248	2.3999998569488525
			acquisition-fMRIVARIANTPhaseEncodingDirectionObliquity_datatype-fmap_direction-AP_fmap-epi_session-HBNsiteRU_suffix-epi	acquisition-fMRI_datatype-fmap_direction-AP_fmap-epi_session-HBNsiteRU_suffix-epi__6	acquisition-fMRI_datatype-fmap_direction-AP_fmap-epi_session-HBNsiteRU_suffix-epi	6	1	84	84	60	0.0512	0.000550001	90	False	LAS+	1185	fmap		60	1.0	False		1.0	j	5.301	0.04565	True	2.404761791229248	2.404761791229248	2.4000000953674316
			acquisition-fMRIVARIANTEchoTimeEffectiveEchoSpacingPhaseEncodingDirectionRepetitionTimeTotalReadoutTime_datatype-fmap_direction-AP_fmap-epi_session-HBNsiteRU_suffix-epi	acquisition-fMRI_datatype-fmap_direction-AP_fmap-epi_session-HBNsiteRU_suffix-epi__7	acquisition-fMRI_datatype-fmap_direction-AP_fmap-epi_session-HBNsiteRU_suffix-epi	7	1	84	84	60	0.0658	0.000720017	90	False	LAS+	1185	fmap		60	1.0	True		1.0	i	6.61	0.0597614	True	2.404761791229248	2.404761791229248	2.4000000953674316
			acquisition-fMRIVARIANTVoxelSizeDim1VoxelSizeDim2_datatype-fmap_direction-AP_fmap-epi_session-HBNsiteRU_suffix-epi	acquisition-fMRI_datatype-fmap_direction-AP_fmap-epi_session-HBNsiteRU_suffix-epi__8	acquisition-fMRI_datatype-fmap_direction-AP_fmap-epi_session-HBNsiteRU_suffix-epi	8	1	84	84	60	0.0512	0.000550001	90	False	LAS+	1185	fmap		60	1.0	True		1.0	j-	5.301	0.04565	True	2.4166667461395264	2.4166667461395264	2.4000000953674316
				acquisition-fMRI_datatype-fmap_direction-PA_fmap-epi_session-HBNsiteRU_suffix-epi__1	acquisition-fMRI_datatype-fmap_direction-PA_fmap-epi_session-HBNsiteRU_suffix-epi	1	1134	84	84	60	0.0512	0.000550001	90	False	LAS+	1181	fmap		60	1.0	True		1.0	j	5.301	0.04565	True	2.404761791229248	2.404761791229248	2.4000000953674316
			acquisition-fMRIVARIANTPhaseEncodingDirection_datatype-fmap_direction-PA_fmap-epi_session-HBNsiteRU_suffix-epi	acquisition-fMRI_datatype-fmap_direction-PA_fmap-epi_session-HBNsiteRU_suffix-epi__2	acquisition-fMRI_datatype-fmap_direction-PA_fmap-epi_session-HBNsiteRU_suffix-epi	2	16	84	84	60	0.0512	0.000550001	90	False	LAS+	1181	fmap		60	1.0	True		1.0	j-	5.301	0.04565	True	2.404761791229248	2.404761791229248	2.4000000953674316
			acquisition-fMRIVARIANTObliquityVoxelSizeDim3_datatype-fmap_direction-PA_fmap-epi_session-HBNsiteRU_suffix-epi	acquisition-fMRI_datatype-fmap_direction-PA_fmap-epi_session-HBNsiteRU_suffix-epi__3	acquisition-fMRI_datatype-fmap_direction-PA_fmap-epi_session-HBNsiteRU_suffix-epi	3	13	84	84	60	0.0512	0.000550001	90	False	LAS+	1181	fmap		60	1.0	False		1.0	j	5.301	0.04565	True	2.404761791229248	2.404761791229248	2.3999998569488525
			acquisition-fMRIVARIANTUnused_datatype-fmap_direction-PA_fmap-epi_session-HBNsiteRU_suffix-epi	acquisition-fMRI_datatype-fmap_direction-PA_fmap-epi_session-HBNsiteRU_suffix-epi__4	acquisition-fMRI_datatype-fmap_direction-PA_fmap-epi_session-HBNsiteRU_suffix-epi	4	13	84	84	60	0.0512	0.000550001	90	False	LAS+	1181	fmap		60	1.0	True		1.0	j	5.301	0.04565	False	2.404761791229248	2.404761791229248	2.4000000953674316
			acquisition-fMRIVARIANTEchoTimeEffectiveEchoSpacingPhaseEncodingDirectionRepetitionTimeTotalReadoutTimeVoxelSizeDim1_datatype-fmap_direction-PA_fmap-epi_session-HBNsiteRU_suffix-epi	acquisition-fMRI_datatype-fmap_direction-PA_fmap-epi_session-HBNsiteRU_suffix-epi__5	acquisition-fMRI_datatype-fmap_direction-PA_fmap-epi_session-HBNsiteRU_suffix-epi	5	3	84	84	60	0.0658	0.000720017	90	False	LAS+	1181	fmap		60	1.0	True		1.0	i	6.61	0.0597614	True	2.404761552810669	2.404761791229248	2.4000000953674316
			acquisition-fMRIVARIANTPhaseEncodingDirectionObliquity_datatype-fmap_direction-PA_fmap-epi_session-HBNsiteRU_suffix-epi	acquisition-fMRI_datatype-fmap_direction-PA_fmap-epi_session-HBNsiteRU_suffix-epi__6	acquisition-fMRI_datatype-fmap_direction-PA_fmap-epi_session-HBNsiteRU_suffix-epi	6	1	84	84	60	0.0512	0.000550001	90	False	LAS+	1181	fmap		60	1.0	False		1.0	j-	5.301	0.04565	True	2.404761791229248	2.404761791229248	2.4000000953674316
			acquisition-fMRIVARIANTPhaseEncodingDirectionVoxelSizeDim3Unused_datatype-fmap_direction-PA_fmap-epi_session-HBNsiteRU_suffix-epi	acquisition-fMRI_datatype-fmap_direction-PA_fmap-epi_session-HBNsiteRU_suffix-epi__7	acquisition-fMRI_datatype-fmap_direction-PA_fmap-epi_session-HBNsiteRU_suffix-epi	7	1	84	84	60	0.0512	0.000550001	90	False	LAS+	1181	fmap		60	1.0	True		1.0	j-	5.301	0.04565	False	2.404761791229248	2.404761791229248	2.3999998569488525
				acquisition-fMRI_datatype-fmap_direction-AP_fmap-epi_session-HBNsiteCBIC_suffix-epi__1	acquisition-fMRI_datatype-fmap_direction-AP_fmap-epi_session-HBNsiteCBIC_suffix-epi	1	792	84	84	60	0.0512	0.00049999	90	False	LAS+	959	fmap		60	1.0	True		1.0	j-	5.301	0.0414992	True	2.404761791229248	2.404761791229248	2.3999998569488525
			acquisition-fMRIVARIANTObliquityVoxelSizeDim3_datatype-fmap_direction-AP_fmap-epi_session-HBNsiteCBIC_suffix-epi	acquisition-fMRI_datatype-fmap_direction-AP_fmap-epi_session-HBNsiteCBIC_suffix-epi__2	acquisition-fMRI_datatype-fmap_direction-AP_fmap-epi_session-HBNsiteCBIC_suffix-epi	2	101	84	84	60	0.0512	0.00049999	90	False	LAS+	959	fmap		60	1.0	False		1.0	j-	5.301	0.0414992	True	2.404761791229248	2.404761791229248	2.4000000953674316
			acquisition-fMRIVARIANTVoxelSizeDim3Unused_datatype-fmap_direction-AP_fmap-epi_session-HBNsiteCBIC_suffix-epi	acquisition-fMRI_datatype-fmap_direction-AP_fmap-epi_session-HBNsiteCBIC_suffix-epi__3	acquisition-fMRI_datatype-fmap_direction-AP_fmap-epi_session-HBNsiteCBIC_suffix-epi	3	32	84	84	60	0.0512	0.00049999	90	False	LAS+	959	fmap		60	1.0	True		1.0	j-	5.301	0.0414992	False	2.404761791229248	2.404761791229248	2.4000000953674316
			acquisition-fMRIVARIANTEchoTimeEffectiveEchoSpacingRepetitionTimeTotalReadoutTimeDim1SizeDim2SizeNSliceTimesVoxelSizeDim1VoxelSizeDim2VoxelSizeDim3_datatype-fmap_direction-AP_fmap-epi_session-HBNsiteCBIC_suffix-epi	acquisition-fMRI_datatype-fmap_direction-AP_fmap-epi_session-HBNsiteCBIC_suffix-epi__4	acquisition-fMRI_datatype-fmap_direction-AP_fmap-epi_session-HBNsiteCBIC_suffix-epi	4	25	90	90	60	0.08	0.000510012	90	False	LAS+	959	fmap		0	1.0	True		1.0	j-	7.03	0.045391	True	2.4000000953674316	2.4000000953674316	2.4000027179718018
			acquisition-fMRIVARIANTObliquityVoxelSizeDim3Unused_datatype-fmap_direction-AP_fmap-epi_session-HBNsiteCBIC_suffix-epi	acquisition-fMRI_datatype-fmap_direction-AP_fmap-epi_session-HBNsiteCBIC_suffix-epi__5	acquisition-fMRI_datatype-fmap_direction-AP_fmap-epi_session-HBNsiteCBIC_suffix-epi	5	6	84	84	60	0.0512	0.00049999	90	False	LAS+	959	fmap		60	1.0	False		1.0	j-	5.301	0.0414992	False	2.404761791229248	2.404761791229248	2.4000000953674316
			acquisition-fMRIVARIANTEchoTimeEffectiveEchoSpacingRepetitionTimeTotalReadoutTimeDim1SizeDim2SizeNSliceTimesVoxelSizeDim1VoxelSizeDim2Unused_datatype-fmap_direction-AP_fmap-epi_session-HBNsiteCBIC_suffix-epi	acquisition-fMRI_datatype-fmap_direction-AP_fmap-epi_session-HBNsiteCBIC_suffix-epi__6	acquisition-fMRI_datatype-fmap_direction-AP_fmap-epi_session-HBNsiteCBIC_suffix-epi	6	2	90	90	60	0.08	0.000510012	90	False	LAS+	959	fmap		0	1.0	True		1.0	j-	7.03	0.045391	False	2.4000000953674316	2.4000000953674316	2.3999998569488525
			acquisition-fMRIVARIANTEchoTimeEffectiveEchoSpacingPhaseEncodingDirectionRepetitionTimeTotalReadoutTimeVoxelSizeDim3_datatype-fmap_direction-AP_fmap-epi_session-HBNsiteCBIC_suffix-epi	acquisition-fMRI_datatype-fmap_direction-AP_fmap-epi_session-HBNsiteCBIC_suffix-epi__7	acquisition-fMRI_datatype-fmap_direction-AP_fmap-epi_session-HBNsiteCBIC_suffix-epi	7	1	84	84	60	0.0598	0.000650001	90	False	LAS+	959	fmap		60	1.0	True		1.0	i-	6.09	0.0539501	True	2.404761791229248	2.404761791229248	2.4000000953674316
				acquisition-fMRI_datatype-fmap_direction-PA_fmap-epi_session-HBNsiteCBIC_suffix-epi__1	acquisition-fMRI_datatype-fmap_direction-PA_fmap-epi_session-HBNsiteCBIC_suffix-epi	1	794	84	84	60	0.0512	0.00049999	90	False	LAS+	959	fmap		60	1.0	True		1.0	j	5.301	0.0414992	True	2.404761791229248	2.404761791229248	2.3999998569488525
			acquisition-fMRIVARIANTObliquityVoxelSizeDim3_datatype-fmap_direction-PA_fmap-epi_session-HBNsiteCBIC_suffix-epi	acquisition-fMRI_datatype-fmap_direction-PA_fmap-epi_session-HBNsiteCBIC_suffix-epi__2	acquisition-fMRI_datatype-fmap_direction-PA_fmap-epi_session-HBNsiteCBIC_suffix-epi	2	100	84	84	60	0.0512	0.00049999	90	False	LAS+	959	fmap		60	1.0	False		1.0	j	5.301	0.0414992	True	2.404761791229248	2.404761791229248	2.4000000953674316
			acquisition-fMRIVARIANTVoxelSizeDim3Unused_datatype-fmap_direction-PA_fmap-epi_session-HBNsiteCBIC_suffix-epi	acquisition-fMRI_datatype-fmap_direction-PA_fmap-epi_session-HBNsiteCBIC_suffix-epi__3	acquisition-fMRI_datatype-fmap_direction-PA_fmap-epi_session-HBNsiteCBIC_suffix-epi	3	32	84	84	60	0.0512	0.00049999	90	False	LAS+	959	fmap		60	1.0	True		1.0	j	5.301	0.0414992	False	2.404761791229248	2.404761791229248	2.4000000953674316
			acquisition-fMRIVARIANTEchoTimeEffectiveEchoSpacingRepetitionTimeTotalReadoutTimeDim1SizeDim2SizeNSliceTimesVoxelSizeDim1VoxelSizeDim2VoxelSizeDim3_datatype-fmap_direction-PA_fmap-epi_session-HBNsiteCBIC_suffix-epi	acquisition-fMRI_datatype-fmap_direction-PA_fmap-epi_session-HBNsiteCBIC_suffix-epi__4	acquisition-fMRI_datatype-fmap_direction-PA_fmap-epi_session-HBNsiteCBIC_suffix-epi	4	25	90	90	60	0.08	0.000510012	90	False	LAS+	959	fmap		0	1.0	True		1.0	j	7.03	0.045391	True	2.4000000953674316	2.4000000953674316	2.4000027179718018
			acquisition-fMRIVARIANTObliquityVoxelSizeDim3Unused_datatype-fmap_direction-PA_fmap-epi_session-HBNsiteCBIC_suffix-epi	acquisition-fMRI_datatype-fmap_direction-PA_fmap-epi_session-HBNsiteCBIC_suffix-epi__5	acquisition-fMRI_datatype-fmap_direction-PA_fmap-epi_session-HBNsiteCBIC_suffix-epi	5	6	84	84	60	0.0512	0.00049999	90	False	LAS+	959	fmap		60	1.0	False		1.0	j	5.301	0.0414992	False	2.404761791229248	2.404761791229248	2.4000000953674316
			acquisition-fMRIVARIANTEchoTimeEffectiveEchoSpacingRepetitionTimeTotalReadoutTimeDim1SizeDim2SizeNSliceTimesVoxelSizeDim1VoxelSizeDim2Unused_datatype-fmap_direction-PA_fmap-epi_session-HBNsiteCBIC_suffix-epi	acquisition-fMRI_datatype-fmap_direction-PA_fmap-epi_session-HBNsiteCBIC_suffix-epi__6	acquisition-fMRI_datatype-fmap_direction-PA_fmap-epi_session-HBNsiteCBIC_suffix-epi	6	2	90	90	60	0.08	0.000510012	90	False	LAS+	959	fmap		0	1.0	True		1.0	j	7.03	0.045391	False	2.4000000953674316	2.4000000953674316	2.3999998569488525
				acquisition-dwi_datatype-fmap_direction-AP_fmap-epi_session-HBNsiteRU_suffix-epi__1	acquisition-dwi_datatype-fmap_direction-AP_fmap-epi_session-HBNsiteRU_suffix-epi	1	859	104	104	72	0.1002	0.000414993	90	False	LAS+	901	fmap		0	1.0	True	2.0	1.0	j-	3.32	0.0427443	True	1.798076868057251	1.798076868057251	1.7999974489212036
			acquisition-dwiVARIANTVoxelSizeDim3Unused_datatype-fmap_direction-AP_fmap-epi_session-HBNsiteRU_suffix-epi	acquisition-dwi_datatype-fmap_direction-AP_fmap-epi_session-HBNsiteRU_suffix-epi__2	acquisition-dwi_datatype-fmap_direction-AP_fmap-epi_session-HBNsiteRU_suffix-epi	2	32	104	104	72	0.1002	0.000414993	90	False	LAS+	901	fmap		0	1.0	True	2.0	1.0	j-	3.32	0.0427443	False	1.798076868057251	1.798076868057251	1.8000001907348633
			acquisition-dwiVARIANTObliquityVoxelSizeDim3_datatype-fmap_direction-AP_fmap-epi_session-HBNsiteRU_suffix-epi	acquisition-dwi_datatype-fmap_direction-AP_fmap-epi_session-HBNsiteRU_suffix-epi__3	acquisition-dwi_datatype-fmap_direction-AP_fmap-epi_session-HBNsiteRU_suffix-epi	3	7	104	104	72	0.1002	0.000414993	90	False	LAS+	901	fmap		0	1.0	False	2.0	1.0	j-	3.32	0.0427443	True	1.798076868057251	1.798076868057251	1.7999954223632812
			acquisition-dwiVARIANTEffectiveEchoSpacingRepetitionTimeTotalReadoutTimeVoxelSizeDim3_datatype-fmap_direction-AP_fmap-epi_session-HBNsiteRU_suffix-epi	acquisition-dwi_datatype-fmap_direction-AP_fmap-epi_session-HBNsiteRU_suffix-epi__4	acquisition-dwi_datatype-fmap_direction-AP_fmap-epi_session-HBNsiteRU_suffix-epi	4	1	104	104	72	0.1002	0.000478854	90	False	LAS+	901	fmap		0	1.0	True	2.0	1.0	j-	3.44	0.0493219	True	1.798076868057251	1.798076868057251	1.8000038862228394
			acquisition-dwiVARIANTPhaseEncodingDirectionVoxelSizeDim3_datatype-fmap_direction-AP_fmap-epi_session-HBNsiteRU_suffix-epi	acquisition-dwi_datatype-fmap_direction-AP_fmap-epi_session-HBNsiteRU_suffix-epi__5	acquisition-dwi_datatype-fmap_direction-AP_fmap-epi_session-HBNsiteRU_suffix-epi	5	1	104	104	72	0.1002	0.000414993	90	False	LAS+	901	fmap		0	1.0	True	2.0	1.0	j	3.32	0.0427443	True	1.798076868057251	1.798076868057251	1.7999955415725708
			acquisition-dwiVARIANTVoxelSizeDim1VoxelSizeDim2VoxelSizeDim3_datatype-fmap_direction-AP_fmap-epi_session-HBNsiteRU_suffix-epi	acquisition-dwi_datatype-fmap_direction-AP_fmap-epi_session-HBNsiteRU_suffix-epi__6	acquisition-dwi_datatype-fmap_direction-AP_fmap-epi_session-HBNsiteRU_suffix-epi	6	1	104	104	72	0.1002	0.000414993	90	False	LAS+	901	fmap		0	1.0	True	2.0	1.0	j-	3.32	0.0427443	True	1.8461538553237915	1.8461538553237915	1.7999933958053589
				acquisition-dwi_datatype-fmap_direction-PA_fmap-epi_session-HBNsiteCBIC_suffix-epi__1	acquisition-dwi_datatype-fmap_direction-PA_fmap-epi_session-HBNsiteCBIC_suffix-epi	1	818	104	104	72	0.1002	0.000389997	90	False	LAS+	898	fmap		0	1.0	False	2.0	1.0	j	3.32	0.0401697	True	1.798076868057251	1.798076868057251	1.7999992370605469
			acquisition-dwiVARIANTObliquityVoxelSizeDim3_datatype-fmap_direction-PA_fmap-epi_session-HBNsiteCBIC_suffix-epi	acquisition-dwi_datatype-fmap_direction-PA_fmap-epi_session-HBNsiteCBIC_suffix-epi__2	acquisition-dwi_datatype-fmap_direction-PA_fmap-epi_session-HBNsiteCBIC_suffix-epi	2	28	104	104	72	0.1002	0.000389997	90	False	LAS+	898	fmap		0	1.0	True	2.0	1.0	j	3.32	0.0401697	True	1.798076868057251	1.798076868057251	1.8000013828277588
			acquisition-dwiVARIANTPhaseEncodingDirection_datatype-fmap_direction-PA_fmap-epi_session-HBNsiteCBIC_suffix-epi	acquisition-dwi_datatype-fmap_direction-PA_fmap-epi_session-HBNsiteCBIC_suffix-epi__3	acquisition-dwi_datatype-fmap_direction-PA_fmap-epi_session-HBNsiteCBIC_suffix-epi	3	27	104	104	72	0.1002	0.000389997	90	False	LAS+	898	fmap		0	1.0	False	2.0	1.0	i	3.32	0.0401697	True	1.798076868057251	1.798076868057251	1.7999992370605469
			acquisition-dwiVARIANTUnused_datatype-fmap_direction-PA_fmap-epi_session-HBNsiteCBIC_suffix-epi	acquisition-dwi_datatype-fmap_direction-PA_fmap-epi_session-HBNsiteCBIC_suffix-epi__4	acquisition-dwi_datatype-fmap_direction-PA_fmap-epi_session-HBNsiteCBIC_suffix-epi	4	15	104	104	72	0.1002	0.000389997	90	False	LAS+	898	fmap		0	1.0	False	2.0	1.0	j	3.32	0.0401697	False	1.798076868057251	1.798076868057251	1.7999992370605469
			acquisition-dwiVARIANTPhaseEncodingDirectionObliquityVoxelSizeDim3_datatype-fmap_direction-PA_fmap-epi_session-HBNsiteCBIC_suffix-epi	acquisition-dwi_datatype-fmap_direction-PA_fmap-epi_session-HBNsiteCBIC_suffix-epi__5	acquisition-dwi_datatype-fmap_direction-PA_fmap-epi_session-HBNsiteCBIC_suffix-epi	5	5	104	104	72	0.1002	0.000389997	90	False	LAS+	898	fmap		0	1.0	True	2.0	1.0	i	3.32	0.0401697	True	1.798076868057251	1.798076868057251	1.8000022172927856
			acquisition-dwiVARIANTEchoTimeEffectiveEchoSpacingParallelReductionFactorInPlanePartialFourierRepetitionTimeTotalReadoutTimeDim1SizeDim2SizeDim3SizeNumVolumesVoxelSizeDim1VoxelSizeDim2VoxelSizeDim3Unused_datatype-fmap_direction-PA_fmap-epi_session-HBNsiteCBIC_suffix-epi	acquisition-dwi_datatype-fmap_direction-PA_fmap-epi_session-HBNsiteCBIC_suffix-epi__6	acquisition-dwi_datatype-fmap_direction-PA_fmap-epi_session-HBNsiteCBIC_suffix-epi	6	3	140	140	81	0.089	0.000669999	90	False	LAS+	898	fmap		0	2.0	False		0.75	j	4.1	0.0931298	False	1.7142857313156128	1.7142857313156128	1.7000007629394531
			acquisition-dwiVARIANTEchoTimeEffectiveEchoSpacingParallelReductionFactorInPlanePartialFourierRepetitionTimeTotalReadoutTimeDim1SizeDim2SizeDim3SizeNumVolumesVoxelSizeDim1VoxelSizeDim2VoxelSizeDim3_datatype-fmap_direction-PA_fmap-epi_session-HBNsiteCBIC_suffix-epi	acquisition-dwi_datatype-fmap_direction-PA_fmap-epi_session-HBNsiteCBIC_suffix-epi__7	acquisition-dwi_datatype-fmap_direction-PA_fmap-epi_session-HBNsiteCBIC_suffix-epi	7	1	140	140	81	0.089	0.000669999	90	False	LAS+	898	fmap		0	2.0	False		0.75	j	4.1	0.0931298	True	1.7142857313156128	1.7142857313156128	1.7000007629394531
			acquisition-dwiVARIANTVoxelSizeDim1VoxelSizeDim2_datatype-fmap_direction-PA_fmap-epi_session-HBNsiteCBIC_suffix-epi	acquisition-dwi_datatype-fmap_direction-PA_fmap-epi_session-HBNsiteCBIC_suffix-epi__8	acquisition-dwi_datatype-fmap_direction-PA_fmap-epi_session-HBNsiteCBIC_suffix-epi	8	1	104	104	72	0.1002	0.000389997	90	False	LAS+	898	fmap		0	1.0	False	2.0	1.0	j	3.32	0.0401697	True	1.826923131942749	1.826923131942749	1.7999992370605469
				acquisition-dwi_datatype-fmap_direction-PA_fmap-epi_session-HBNsiteRU_suffix-epi__1	acquisition-dwi_datatype-fmap_direction-PA_fmap-epi_session-HBNsiteRU_suffix-epi	1	834	104	104	72	0.1002	0.000414993	90	False	LAS+	898	fmap		0	1.0	True	2.0	1.0	j	3.32	0.0427443	True	1.798076868057251	1.798076868057251	1.7999974489212036
			acquisition-dwiVARIANTVoxelSizeDim3Unused_datatype-fmap_direction-PA_fmap-epi_session-HBNsiteRU_suffix-epi	acquisition-dwi_datatype-fmap_direction-PA_fmap-epi_session-HBNsiteRU_suffix-epi__2	acquisition-dwi_datatype-fmap_direction-PA_fmap-epi_session-HBNsiteRU_suffix-epi	2	27	104	104	72	0.1002	0.000414993	90	False	LAS+	898	fmap		0	1.0	True	2.0	1.0	j	3.32	0.0427443	False	1.798076868057251	1.798076868057251	1.8000001907348633
			acquisition-dwiVARIANTPhaseEncodingDirectionVoxelSizeDim2VoxelSizeDim3_datatype-fmap_direction-PA_fmap-epi_session-HBNsiteRU_suffix-epi	acquisition-dwi_datatype-fmap_direction-PA_fmap-epi_session-HBNsiteRU_suffix-epi__3	acquisition-dwi_datatype-fmap_direction-PA_fmap-epi_session-HBNsiteRU_suffix-epi	3	27	104	104	72	0.1002	0.000414993	90	False	LAS+	898	fmap		0	1.0	True	2.0	1.0	i-	3.32	0.0427443	True	1.798076868057251	1.7980767488479614	1.7999999523162842
			acquisition-dwiVARIANTObliquityVoxelSizeDim3_datatype-fmap_direction-PA_fmap-epi_session-HBNsiteRU_suffix-epi	acquisition-dwi_datatype-fmap_direction-PA_fmap-epi_session-HBNsiteRU_suffix-epi__4	acquisition-dwi_datatype-fmap_direction-PA_fmap-epi_session-HBNsiteRU_suffix-epi	4	6	104	104	72	0.1002	0.000414993	90	False	LAS+	898	fmap		0	1.0	False	2.0	1.0	j	3.32	0.0427443	True	1.798076868057251	1.798076868057251	1.7999954223632812
			acquisition-dwiVARIANTEffectiveEchoSpacingRepetitionTimeTotalReadoutTimeVoxelSizeDim3_datatype-fmap_direction-PA_fmap-epi_session-HBNsiteRU_suffix-epi	acquisition-dwi_datatype-fmap_direction-PA_fmap-epi_session-HBNsiteRU_suffix-epi__5	acquisition-dwi_datatype-fmap_direction-PA_fmap-epi_session-HBNsiteRU_suffix-epi	5	1	104	104	72	0.1002	0.000498801	90	False	LAS+	898	fmap		0	1.0	True	2.0	1.0	j	3.44	0.0513765	True	1.798076868057251	1.798076868057251	1.8000038862228394
			acquisition-dwiVARIANTPhaseEncodingDirectionVoxelSizeDim3_datatype-fmap_direction-PA_fmap-epi_session-HBNsiteRU_suffix-epi	acquisition-dwi_datatype-fmap_direction-PA_fmap-epi_session-HBNsiteRU_suffix-epi__6	acquisition-dwi_datatype-fmap_direction-PA_fmap-epi_session-HBNsiteRU_suffix-epi	6	1	104	104	72	0.1002	0.000414993	90	False	LAS+	898	fmap		0	1.0	True	2.0	1.0	i	3.32	0.0427443	True	1.798076868057251	1.798076868057251	1.8000010251998901
			acquisition-dwiVARIANTPhaseEncodingDirectionVoxelSizeDim3_datatype-fmap_direction-PA_fmap-epi_session-HBNsiteRU_suffix-epi	acquisition-dwi_datatype-fmap_direction-PA_fmap-epi_session-HBNsiteRU_suffix-epi__7	acquisition-dwi_datatype-fmap_direction-PA_fmap-epi_session-HBNsiteRU_suffix-epi	7	1	104	104	72	0.1002	0.000414993	90	False	LAS+	898	fmap		0	1.0	True	2.0	1.0	j-	3.32	0.0427443	True	1.798076868057251	1.798076868057251	1.7999955415725708
			acquisition-dwiVARIANTPhaseEncodingDirectionVoxelSizeDim3Unused_datatype-fmap_direction-PA_fmap-epi_session-HBNsiteRU_suffix-epi	acquisition-dwi_datatype-fmap_direction-PA_fmap-epi_session-HBNsiteRU_suffix-epi__8	acquisition-dwi_datatype-fmap_direction-PA_fmap-epi_session-HBNsiteRU_suffix-epi	8	1	104	104	72	0.1002	0.000414993	90	False	LAS+	898	fmap		0	1.0	True	2.0	1.0	i	3.32	0.0427443	False	1.798076868057251	1.798076868057251	1.8000034093856812
				acquisition-dwi_datatype-fmap_direction-AP_fmap-epi_session-HBNsiteCBIC_suffix-epi__1	acquisition-dwi_datatype-fmap_direction-AP_fmap-epi_session-HBNsiteCBIC_suffix-epi	1	842	104	104	72	0.1002	0.000389997	90	False	LAS+	893	fmap		0	1.0	False	2.0	1.0	j-	3.32	0.0401697	True	1.798076868057251	1.798076868057251	1.7999992370605469
			acquisition-dwiVARIANTObliquityVoxelSizeDim3_datatype-fmap_direction-AP_fmap-epi_session-HBNsiteCBIC_suffix-epi	acquisition-dwi_datatype-fmap_direction-AP_fmap-epi_session-HBNsiteCBIC_suffix-epi__2	acquisition-dwi_datatype-fmap_direction-AP_fmap-epi_session-HBNsiteCBIC_suffix-epi	2	32	104	104	72	0.1002	0.000389997	90	False	LAS+	893	fmap		0	1.0	True	2.0	1.0	j-	3.32	0.0401697	True	1.798076868057251	1.798076868057251	1.8000013828277588
			acquisition-dwiVARIANTUnused_datatype-fmap_direction-AP_fmap-epi_session-HBNsiteCBIC_suffix-epi	acquisition-dwi_datatype-fmap_direction-AP_fmap-epi_session-HBNsiteCBIC_suffix-epi__3	acquisition-dwi_datatype-fmap_direction-AP_fmap-epi_session-HBNsiteCBIC_suffix-epi	3	15	104	104	72	0.1002	0.000389997	90	False	LAS+	893	fmap		0	1.0	False	2.0	1.0	j-	3.32	0.0401697	False	1.798076868057251	1.798076868057251	1.7999992370605469
			acquisition-dwiVARIANTEchoTimeEffectiveEchoSpacingParallelReductionFactorInPlanePartialFourierRepetitionTimeTotalReadoutTimeDim1SizeDim2SizeDim3SizeNumVolumesVoxelSizeDim1VoxelSizeDim2VoxelSizeDim3Unused_datatype-fmap_direction-AP_fmap-epi_session-HBNsiteCBIC_suffix-epi	acquisition-dwi_datatype-fmap_direction-AP_fmap-epi_session-HBNsiteCBIC_suffix-epi__4	acquisition-dwi_datatype-fmap_direction-AP_fmap-epi_session-HBNsiteCBIC_suffix-epi	4	3	140	140	81	0.089	0.000669999	90	False	LAS+	893	fmap		0	2.0	False		0.75	j-	4.1	0.0931298	False	1.7142857313156128	1.7142857313156128	1.7000007629394531
			acquisition-dwiVARIANTVoxelSizeDim1VoxelSizeDim2_datatype-fmap_direction-AP_fmap-epi_session-HBNsiteCBIC_suffix-epi	acquisition-dwi_datatype-fmap_direction-AP_fmap-epi_session-HBNsiteCBIC_suffix-epi__5	acquisition-dwi_datatype-fmap_direction-AP_fmap-epi_session-HBNsiteCBIC_suffix-epi	5	1	104	104	72	0.1002	0.000389997	90	False	LAS+	893	fmap		0	1.0	False	2.0	1.0	j-	3.32	0.0401697	True	1.826923131942749	1.826923131942749	1.7999992370605469
				datatype-fmap_fmap-magnitude1_session-HBNsiteSI_suffix-magnitude1__1	datatype-fmap_fmap-magnitude1_session-HBNsiteSI_suffix-magnitude1	1	308	64	64	42	0.00328		90	False	LAS+	340	fmap		0	1.0	True		1.0	j-	0.492		True	3.0	3.0	3.000000238418579
			acquisition-VARIANTObliquityVoxelSizeDim3_datatype-fmap_fmap-magnitude1_session-HBNsiteSI_suffix-magnitude1	datatype-fmap_fmap-magnitude1_session-HBNsiteSI_suffix-magnitude1__2	datatype-fmap_fmap-magnitude1_session-HBNsiteSI_suffix-magnitude1	2	27	64	64	42	0.00328		90	False	LAS+	340	fmap		0	1.0	False		1.0	j-	0.492		True	3.0	3.0	3.0
			acquisition-VARIANTVoxelSizeDim3Unused_datatype-fmap_fmap-magnitude1_session-HBNsiteSI_suffix-magnitude1	datatype-fmap_fmap-magnitude1_session-HBNsiteSI_suffix-magnitude1__3	datatype-fmap_fmap-magnitude1_session-HBNsiteSI_suffix-magnitude1	3	5	64	64	42	0.00328		90	False	LAS+	340	fmap		0	1.0	True		1.0	j-	0.492		False	3.0	3.0	2.9999985694885254
				datatype-fmap_fmap-magnitude2_session-HBNsiteSI_suffix-magnitude2__1	datatype-fmap_fmap-magnitude2_session-HBNsiteSI_suffix-magnitude2	1	308	64	64	42	0.00804		90	False	LAS+	340	fmap		0	1.0	True		1.0	j-	0.492		True	3.0	3.0	3.000000238418579
			acquisition-VARIANTObliquityVoxelSizeDim3_datatype-fmap_fmap-magnitude2_session-HBNsiteSI_suffix-magnitude2	datatype-fmap_fmap-magnitude2_session-HBNsiteSI_suffix-magnitude2__2	datatype-fmap_fmap-magnitude2_session-HBNsiteSI_suffix-magnitude2	2	27	64	64	42	0.00804		90	False	LAS+	340	fmap		0	1.0	False		1.0	j-	0.492		True	3.0	3.0	3.0
			acquisition-VARIANTVoxelSizeDim3Unused_datatype-fmap_fmap-magnitude2_session-HBNsiteSI_suffix-magnitude2	datatype-fmap_fmap-magnitude2_session-HBNsiteSI_suffix-magnitude2__3	datatype-fmap_fmap-magnitude2_session-HBNsiteSI_suffix-magnitude2	3	5	64	64	42	0.00804		90	False	LAS+	340	fmap		0	1.0	True		1.0	j-	0.492		False	3.0	3.0	2.9999985694885254
				datatype-fmap_fmap-phasediff_session-HBNsiteSI_suffix-phasediff__1	datatype-fmap_fmap-phasediff_session-HBNsiteSI_suffix-phasediff	1	308	64	64	42	0.00804		90	False	LAS+	340	fmap		0	1.0	True		1.0	j-	0.492		True	3.0	3.0	3.000000238418579
			acquisition-VARIANTObliquityVoxelSizeDim3_datatype-fmap_fmap-phasediff_session-HBNsiteSI_suffix-phasediff	datatype-fmap_fmap-phasediff_session-HBNsiteSI_suffix-phasediff__2	datatype-fmap_fmap-phasediff_session-HBNsiteSI_suffix-phasediff	2	27	64	64	42	0.00804		90	False	LAS+	340	fmap		0	1.0	False		1.0	j-	0.492		True	3.0	3.0	3.0
			acquisition-VARIANTVoxelSizeDim3Unused_datatype-fmap_fmap-phasediff_session-HBNsiteSI_suffix-phasediff	datatype-fmap_fmap-phasediff_session-HBNsiteSI_suffix-phasediff__3	datatype-fmap_fmap-phasediff_session-HBNsiteSI_suffix-phasediff	3	5	64	64	42	0.00804		90	False	LAS+	340	fmap		0	1.0	True		1.0	j-	0.492		False	3.0	3.0	2.9999985694885254
				acquisition-dwi_datatype-fmap_direction-PA_fmap-epi_session-HBNsiteSI_suffix-epi__1	acquisition-dwi_datatype-fmap_direction-PA_fmap-epi_session-HBNsiteSI_suffix-epi	1	280	96	96	72	0.0762	0.00071998	90	False	LAS+	295	fmap		0	1.0	False		0.75	j	3.11	0.0683981	True	2.0	2.0	2.0
			acquisition-dwiVARIANTObliquityVoxelSizeDim3_datatype-fmap_direction-PA_fmap-epi_session-HBNsiteSI_suffix-epi	acquisition-dwi_datatype-fmap_direction-PA_fmap-epi_session-HBNsiteSI_suffix-epi__2	acquisition-dwi_datatype-fmap_direction-PA_fmap-epi_session-HBNsiteSI_suffix-epi	2	11	96	96	72	0.0762	0.00071998	90	False	LAS+	295	fmap		0	1.0	True		0.75	j	3.11	0.0683981	True	2.0	2.0	2.000002861022949
			acquisition-dwiVARIANTUnused_datatype-fmap_direction-PA_fmap-epi_session-HBNsiteSI_suffix-epi	acquisition-dwi_datatype-fmap_direction-PA_fmap-epi_session-HBNsiteSI_suffix-epi__3	acquisition-dwi_datatype-fmap_direction-PA_fmap-epi_session-HBNsiteSI_suffix-epi	3	4	96	96	72	0.0762	0.00071998	90	False	LAS+	295	fmap		0	1.0	False		0.75	j	3.11	0.0683981	False	2.0	2.0	2.0
				acquisition-dwi_datatype-fmap_direction-AP_fmap-epi_session-HBNsiteSI_suffix-epi__1	acquisition-dwi_datatype-fmap_direction-AP_fmap-epi_session-HBNsiteSI_suffix-epi	1	277	96	96	72	0.0762	0.00071998	90	False	LAS+	293	fmap		0	1.0	False		0.75	j-	3.11	0.0683981	True	2.0	2.0	2.0
			acquisition-dwiVARIANTObliquityVoxelSizeDim3_datatype-fmap_direction-AP_fmap-epi_session-HBNsiteSI_suffix-epi	acquisition-dwi_datatype-fmap_direction-AP_fmap-epi_session-HBNsiteSI_suffix-epi__2	acquisition-dwi_datatype-fmap_direction-AP_fmap-epi_session-HBNsiteSI_suffix-epi	2	12	96	96	72	0.0762	0.00071998	90	False	LAS+	293	fmap		0	1.0	True		0.75	j-	3.11	0.0683981	True	2.0	2.0	2.000002861022949
			acquisition-dwiVARIANTUnused_datatype-fmap_direction-AP_fmap-epi_session-HBNsiteSI_suffix-epi	acquisition-dwi_datatype-fmap_direction-AP_fmap-epi_session-HBNsiteSI_suffix-epi__3	acquisition-dwi_datatype-fmap_direction-AP_fmap-epi_session-HBNsiteSI_suffix-epi	3	3	96	96	72	0.0762	0.00071998	90	False	LAS+	293	fmap		0	1.0	False		0.75	j-	3.11	0.0683981	False	2.0	2.0	2.0
			acquisition-dwiVARIANTEffectiveEchoSpacingPhaseEncodingDirectionRepetitionTimeTotalReadoutTime_datatype-fmap_direction-AP_fmap-epi_session-HBNsiteSI_suffix-epi	acquisition-dwi_datatype-fmap_direction-AP_fmap-epi_session-HBNsiteSI_suffix-epi__4	acquisition-dwi_datatype-fmap_direction-AP_fmap-epi_session-HBNsiteSI_suffix-epi	4	1	96	96	72	0.0762	0.000739978	90	False	LAS+	293	fmap		0	1.0	False		0.75	i	3.14	0.0702979	True	2.0	2.0	2.0
				acquisition-fMRI_datatype-fmap_direction-AP_fmap-epi_session-HBNsiteCUNY_suffix-epi__1	acquisition-fMRI_datatype-fmap_direction-AP_fmap-epi_session-HBNsiteCUNY_suffix-epi	1	85	84	84	60	0.0512	0.00049999	90	False	LAS+	88	fmap		60	1.0	False		1.0	j-	5.301	0.0414992	True	2.404761791229248	2.404761791229248	2.4000000953674316
			acquisition-fMRIVARIANTObliquity_datatype-fmap_direction-AP_fmap-epi_session-HBNsiteCUNY_suffix-epi	acquisition-fMRI_datatype-fmap_direction-AP_fmap-epi_session-HBNsiteCUNY_suffix-epi__2	acquisition-fMRI_datatype-fmap_direction-AP_fmap-epi_session-HBNsiteCUNY_suffix-epi	2	2	84	84	60	0.0512	0.00049999	90	False	LAS+	88	fmap		60	1.0	True		1.0	j-	5.301	0.0414992	True	2.404761791229248	2.404761791229248	2.4000000953674316
			acquisition-fMRIVARIANTVoxelSizeDim3Unused_datatype-fmap_direction-AP_fmap-epi_session-HBNsiteCUNY_suffix-epi	acquisition-fMRI_datatype-fmap_direction-AP_fmap-epi_session-HBNsiteCUNY_suffix-epi__3	acquisition-fMRI_datatype-fmap_direction-AP_fmap-epi_session-HBNsiteCUNY_suffix-epi	3	1	84	84	60	0.0512	0.00049999	90	False	LAS+	88	fmap		60	1.0	False		1.0	j-	5.301	0.0414992	False	2.404761791229248	2.404761791229248	2.3999998569488525
				acquisition-fMRI_datatype-fmap_direction-PA_fmap-epi_session-HBNsiteCUNY_suffix-epi__1	acquisition-fMRI_datatype-fmap_direction-PA_fmap-epi_session-HBNsiteCUNY_suffix-epi	1	76	84	84	60	0.0512	0.00049999	90	False	LAS+	77	fmap		60	1.0	False		1.0	j	5.301	0.0414992	True	2.404761791229248	2.404761791229248	2.4000000953674316
			acquisition-fMRIVARIANTObliquity_datatype-fmap_direction-PA_fmap-epi_session-HBNsiteCUNY_suffix-epi	acquisition-fMRI_datatype-fmap_direction-PA_fmap-epi_session-HBNsiteCUNY_suffix-epi__2	acquisition-fMRI_datatype-fmap_direction-PA_fmap-epi_session-HBNsiteCUNY_suffix-epi	2	1	84	84	60	0.0512	0.00049999	90	False	LAS+	77	fmap		60	1.0	True		1.0	j	5.301	0.0414992	True	2.404761791229248	2.404761791229248	2.4000000953674316
				acquisition-dwi_datatype-fmap_direction-PA_fmap-epi_session-HBNsiteCUNY_suffix-epi__1	acquisition-dwi_datatype-fmap_direction-PA_fmap-epi_session-HBNsiteCUNY_suffix-epi	1	65	104	104	72	0.1002	0.000389997	90	False	LAS+	72	fmap		0	1.0	False	2.0	1.0	j	3.32	0.0401697	True	1.798076868057251	1.798076868057251	1.8000030517578125
			acquisition-dwiVARIANTDim3SizeVoxelSizeDim3_datatype-fmap_direction-PA_fmap-epi_session-HBNsiteCUNY_suffix-epi	acquisition-dwi_datatype-fmap_direction-PA_fmap-epi_session-HBNsiteCUNY_suffix-epi__2	acquisition-dwi_datatype-fmap_direction-PA_fmap-epi_session-HBNsiteCUNY_suffix-epi	2	4	104	104	60	0.1002	0.000389997	90	False	LAS+	72	fmap		0	1.0	False	2.0	1.0	j	3.32	0.0401697	True	1.798076868057251	1.798076868057251	2.4000015258789062
			acquisition-dwiVARIANTObliquityVoxelSizeDim3_datatype-fmap_direction-PA_fmap-epi_session-HBNsiteCUNY_suffix-epi	acquisition-dwi_datatype-fmap_direction-PA_fmap-epi_session-HBNsiteCUNY_suffix-epi__3	acquisition-dwi_datatype-fmap_direction-PA_fmap-epi_session-HBNsiteCUNY_suffix-epi	3	2	104	104	72	0.1002	0.000389997	90	False	LAS+	72	fmap		0	1.0	True	2.0	1.0	j	3.32	0.0401697	True	1.798076868057251	1.798076868057251	1.7999998331069946
			acquisition-dwiVARIANTDim3SizeVoxelSizeDim3_datatype-fmap_direction-PA_fmap-epi_session-HBNsiteCUNY_suffix-epi	acquisition-dwi_datatype-fmap_direction-PA_fmap-epi_session-HBNsiteCUNY_suffix-epi__4	acquisition-dwi_datatype-fmap_direction-PA_fmap-epi_session-HBNsiteCUNY_suffix-epi	4	1	104	104	39	0.1002	0.000389997	90	False	LAS+	72	fmap		0	1.0	False	2.0	1.0	j	3.32	0.0401697	True	1.798076868057251	1.798076868057251	1.7999992370605469
				acquisition-dwi_datatype-fmap_direction-AP_fmap-epi_session-HBNsiteCUNY_suffix-epi__1	acquisition-dwi_datatype-fmap_direction-AP_fmap-epi_session-HBNsiteCUNY_suffix-epi	1	60	104	104	72	0.1002	0.000389997	90	False	LAS+	65	fmap		0	1.0	False	2.0	1.0	j-	3.32	0.0401697	True	1.798076868057251	1.798076868057251	1.8000030517578125
			acquisition-dwiVARIANTDim3SizeVoxelSizeDim3_datatype-fmap_direction-AP_fmap-epi_session-HBNsiteCUNY_suffix-epi	acquisition-dwi_datatype-fmap_direction-AP_fmap-epi_session-HBNsiteCUNY_suffix-epi__2	acquisition-dwi_datatype-fmap_direction-AP_fmap-epi_session-HBNsiteCUNY_suffix-epi	2	4	104	104	60	0.1002	0.000389997	90	False	LAS+	65	fmap		0	1.0	False	2.0	1.0	j-	3.32	0.0401697	True	1.798076868057251	1.798076868057251	2.4000015258789062
			acquisition-dwiVARIANTObliquityVoxelSizeDim3_datatype-fmap_direction-AP_fmap-epi_session-HBNsiteCUNY_suffix-epi	acquisition-dwi_datatype-fmap_direction-AP_fmap-epi_session-HBNsiteCUNY_suffix-epi__3	acquisition-dwi_datatype-fmap_direction-AP_fmap-epi_session-HBNsiteCUNY_suffix-epi	3	1	104	104	72	0.1002	0.000389997	90	False	LAS+	65	fmap		0	1.0	True	2.0	1.0	j-	3.32	0.0401697	True	1.798076868057251	1.798076868057251	1.7999998331069946
				datatype-func_run-1_session-HBNsiteRU_suffix-bold_task-peer__1	datatype-func_run-1_session-HBNsiteRU_suffix-bold_task-peer	1	1131	84	84	60	0.03	0.000580013	31	True	LAS+	1131	func	6.0	60	135.0	True		1.0	j-	0.8	0.0481411	False	2.4285714626312256	2.4285712242126465	2.4000000953674316
				datatype-func_session-HBNsiteRU_suffix-bold_task-movieTP__1	datatype-func_session-HBNsiteRU_suffix-bold_task-movieTP	1	1033	84	84	60	0.03	0.000580013	31	True	LAS+	1033	func	6.0	60	250.0	True		1.0	j-	0.8	0.0481411	False	2.4285714626312256	2.4285714626312256	2.4000000953674316
				datatype-func_run-3_session-HBNsiteRU_suffix-bold_task-peer__1	datatype-func_run-3_session-HBNsiteRU_suffix-bold_task-peer	1	1020	84	84	60	0.03	0.000580013	31	True	LAS+	1020	func	6.0	60	135.0	True		1.0	j-	0.8	0.0481411	False	2.4285714626312256	2.4285714626312256	2.4000000953674316
				datatype-func_session-HBNsiteRU_suffix-bold_task-movieDM__1	datatype-func_session-HBNsiteRU_suffix-bold_task-movieDM	1	980	84	84	60	0.03	0.000580013	31	True	LAS+	980	func	6.0	60	750.0	True		1.0	j-	0.8	0.0481411	False	2.4285714626312256	2.4285714626312256	2.4000000953674316
				datatype-func_run-1_session-HBNsiteRU_suffix-bold_task-rest__1	datatype-func_run-1_session-HBNsiteRU_suffix-bold_task-rest	1	924	84	84	60	0.03	0.000580013	31	True	LAS+	924	func	6.0	60	375.0	True		1.0	j-	0.8	0.0481411	False	2.4285714626312256	2.4285714626312256	2.4000000953674316
				datatype-func_run-2_session-HBNsiteRU_suffix-bold_task-rest__1	datatype-func_run-2_session-HBNsiteRU_suffix-bold_task-rest	1	887	84	84	60	0.03	0.000580013	31	True	LAS+	887	func	6.0	60	375.0	True		1.0	j-	0.8	0.0481411	False	2.4285714626312256	2.4285714626312256	2.4000000953674316
				datatype-func_run-2_session-HBNsiteRU_suffix-bold_task-peer__1	datatype-func_run-2_session-HBNsiteRU_suffix-bold_task-peer	1	774	84	84	60	0.03	0.000580013	31	True	LAS+	774	func	6.0	60	135.0	True		1.0	j-	0.8	0.0481411	False	2.4285714626312256	2.4285712242126465	2.3999998569488525
				datatype-func_run-1_session-HBNsiteCBIC_suffix-bold_task-rest__1	datatype-func_run-1_session-HBNsiteCBIC_suffix-bold_task-rest	1	705	84	84	60	0.03	0.000589987	31	True	LAS+	705	func	6.0	60	375.0	True		1.0	j-	0.8	0.0489689	False	2.4285714626312256	2.4285714626312256	2.3999998569488525
				datatype-func_run-2_session-HBNsiteCBIC_suffix-bold_task-rest__1	datatype-func_run-2_session-HBNsiteCBIC_suffix-bold_task-rest	1	695	84	84	60	0.03	0.000589987	31	True	LAS+	695	func	6.0	60	375.0	True		1.0	j-	0.8	0.0489689	False	2.4285714626312256	2.4285714626312256	2.3999998569488525
				datatype-func_run-1_session-HBNsiteCBIC_suffix-bold_task-peer__1	datatype-func_run-1_session-HBNsiteCBIC_suffix-bold_task-peer	1	644	84	84	60	0.03	0.000589987	31	True	LAS+	644	func	6.0	60	135.0	True		1.0	j-	0.8	0.0489689	False	2.4285714626312256	2.4285714626312256	2.4000000953674316
				datatype-func_session-HBNsiteCBIC_suffix-bold_task-movieDM__1	datatype-func_session-HBNsiteCBIC_suffix-bold_task-movieDM	1	630	84	84	60	0.03	0.000589987	31	True	LAS+	630	func	6.0	60	750.0	True		1.0	j-	0.8	0.0489689	False	2.4285714626312256	2.4285714626312256	2.4000000953674316
				datatype-func_session-HBNsiteCBIC_suffix-bold_task-movieTP__1	datatype-func_session-HBNsiteCBIC_suffix-bold_task-movieTP	1	618	84	84	60	0.03	0.000589987	31	True	LAS+	618	func	6.0	60	250.0	True		1.0	j-	0.8	0.0489689	False	2.4285714626312256	2.4285714626312256	2.4000000953674316
				datatype-func_run-3_session-HBNsiteCBIC_suffix-bold_task-peer__1	datatype-func_run-3_session-HBNsiteCBIC_suffix-bold_task-peer	1	612	84	84	60	0.03	0.000589987	31	True	LAS+	612	func	6.0	60	135.0	True		1.0	j-	0.8	0.0489689	False	2.4285714626312256	2.4285714626312256	2.4000000953674316
				datatype-func_run-2_session-HBNsiteCBIC_suffix-bold_task-peer__1	datatype-func_run-2_session-HBNsiteCBIC_suffix-bold_task-peer	1	309	84	84	60	0.03	0.000589987	31	True	LAS+	309	func	6.0	60	135.0	True		1.0	j-	0.8	0.0489689	False	2.4285714626312256	2.4285714626312256	2.4000000953674316
				datatype-func_session-HBNsiteSI_suffix-bold_task-rest__1	datatype-func_session-HBNsiteSI_suffix-bold_task-rest	1	309	78	78	54	0.04	0.000550001	55	True	LAS+	309	func	3.0	54	420.0	True		1.0	j-	1.45	0.04235	False	2.461538553237915	2.461538553237915	2.5
				acquisition-VARIANTNumVolumes_datatype-func_run-1_session-HBNsiteRU_suffix-bold_task-rest__1	acquisition-VARIANTNumVolumes_datatype-func_run-1_session-HBNsiteRU_suffix-bold_task-rest	1	105	84	84	60	0.03	0.000580013	31	True	LAS+	107	func	6.0	60	750.0	True		1.0	j-	0.8	0.0481411	False	2.4285714626312256	2.4285714626312256	2.3999998569488525
				acquisition-VARIANTNumVolumes_datatype-func_run-1_session-HBNsiteRU_suffix-bold_task-rest__2	acquisition-VARIANTNumVolumes_datatype-func_run-1_session-HBNsiteRU_suffix-bold_task-rest	2	1	84	84	60	0.03	0.000580013	31	True	LAS+	107	func	6.0	60	252.0	True		1.0	j-	0.8	0.0481411	False	2.4285714626312256	2.4285714626312256	2.3999998569488525
				acquisition-VARIANTNumVolumes_datatype-func_run-1_session-HBNsiteRU_suffix-bold_task-rest__3	acquisition-VARIANTNumVolumes_datatype-func_run-1_session-HBNsiteRU_suffix-bold_task-rest	3	1	84	84	60	0.03	0.000580013	31	True	LAS+	107	func	6.0	60	374.0	True		1.0	j-	0.8	0.0481411	False	2.4285714626312256	2.4285714626312256	2.4000000953674316
				acquisition-VARIANTObliquity_datatype-func_run-1_session-HBNsiteCBIC_suffix-bold_task-rest__1	acquisition-VARIANTObliquity_datatype-func_run-1_session-HBNsiteCBIC_suffix-bold_task-rest	1	94	84	84	60	0.03	0.000589987	31	True	LAS+	94	func	6.0	60	375.0	False		1.0	j-	0.8	0.0489689	False	2.4285714626312256	2.4285714626312256	2.3999998569488525
				acquisition-VARIANTObliquity_datatype-func_run-2_session-HBNsiteCBIC_suffix-bold_task-rest__1	acquisition-VARIANTObliquity_datatype-func_run-2_session-HBNsiteCBIC_suffix-bold_task-rest	1	92	84	84	60	0.03	0.000589987	31	True	LAS+	92	func	6.0	60	375.0	False		1.0	j-	0.8	0.0489689	False	2.4285714626312256	2.4285714626312256	2.3999998569488525
				datatype-func_run-1_session-HBNsiteCUNY_suffix-bold_task-peer__1	datatype-func_run-1_session-HBNsiteCUNY_suffix-bold_task-peer	1	85	84	84	60	0.03	0.000589987	31	True	LAS+	85	func	6.0	60	135.0	False		1.0	j-	0.8	0.0489689	False	2.4285714626312256	2.4285714626312256	2.4000000953674316
				datatype-func_session-HBNsiteCUNY_suffix-bold_task-movieDM__1	datatype-func_session-HBNsiteCUNY_suffix-bold_task-movieDM	1	82	84	84	60	0.03	0.000589987	31	True	LAS+	82	func	6.0	60	750.0	False		1.0	j-	0.8	0.0489689	False	2.4285714626312256	2.4285714626312256	2.4000000953674316
				datatype-func_session-HBNsiteCUNY_suffix-bold_task-movieTP__1	datatype-func_session-HBNsiteCUNY_suffix-bold_task-movieTP	1	81	84	84	60	0.03	0.000589987	31	True	LAS+	81	func	6.0	60	250.0	False		1.0	j-	0.8	0.0489689	False	2.4285714626312256	2.4285714626312256	2.4000000953674316
				datatype-func_run-3_session-HBNsiteCUNY_suffix-bold_task-peer__1	datatype-func_run-3_session-HBNsiteCUNY_suffix-bold_task-peer	1	76	84	84	60	0.03	0.000589987	31	True	LAS+	76	func	6.0	60	135.0	False		1.0	j-	0.8	0.0489689	False	2.4285714626312256	2.4285714626312256	2.4000000953674316
				acquisition-VARIANTObliquity_datatype-func_session-HBNsiteCBIC_suffix-bold_task-movieTP__1	acquisition-VARIANTObliquity_datatype-func_session-HBNsiteCBIC_suffix-bold_task-movieTP	1	72	84	84	60	0.03	0.000589987	31	True	LAS+	72	func	6.0	60	250.0	False		1.0	j-	0.8	0.0489689	False	2.4285714626312256	2.4285714626312256	2.4000000953674316
				acquisition-VARIANTObliquity_datatype-func_run-3_session-HBNsiteCBIC_suffix-bold_task-peer__1	acquisition-VARIANTObliquity_datatype-func_run-3_session-HBNsiteCBIC_suffix-bold_task-peer	1	71	84	84	60	0.03	0.000589987	31	True	LAS+	71	func	6.0	60	135.0	False		1.0	j-	0.8	0.0489689	False	2.4285714626312256	2.4285714626312256	2.4000000953674316
				acquisition-VARIANTObliquity_datatype-func_run-1_session-HBNsiteCBIC_suffix-bold_task-peer__1	acquisition-VARIANTObliquity_datatype-func_run-1_session-HBNsiteCBIC_suffix-bold_task-peer	1	69	84	84	60	0.03	0.000589987	31	True	LAS+	69	func	6.0	60	135.0	False		1.0	j-	0.8	0.0489689	False	2.4285714626312256	2.4285714626312256	2.4000000953674316
				acquisition-VARIANTObliquity_datatype-func_session-HBNsiteCBIC_suffix-bold_task-movieDM__1	acquisition-VARIANTObliquity_datatype-func_session-HBNsiteCBIC_suffix-bold_task-movieDM	1	67	84	84	60	0.03	0.000589987	31	True	LAS+	67	func	6.0	60	750.0	False		1.0	j-	0.8	0.0489689	False	2.4285714626312256	2.4285714626312256	2.4000000953674316
				datatype-func_run-1_session-HBNsiteCUNY_suffix-bold_task-rest__1	datatype-func_run-1_session-HBNsiteCUNY_suffix-bold_task-rest	1	67	84	84	60	0.03	0.000589987	31	True	LAS+	67	func	6.0	60	375.0	False		1.0	j-	0.8	0.0489689	False	2.4285714626312256	2.4285714626312256	2.4000000953674316
				datatype-func_run-2_session-HBNsiteCUNY_suffix-bold_task-rest__1	datatype-func_run-2_session-HBNsiteCUNY_suffix-bold_task-rest	1	62	84	84	60	0.03	0.000589987	31	True	LAS+	62	func	6.0	60	375.0	False		1.0	j-	0.8	0.0489689	False	2.4285714626312256	2.4285714626312256	2.3999998569488525
				acquisition-VARIANTObliquity_datatype-func_session-HBNsiteSI_suffix-bold_task-rest__1	acquisition-VARIANTObliquity_datatype-func_session-HBNsiteSI_suffix-bold_task-rest	1	25	78	78	54	0.04	0.000550001	55	True	LAS+	25	func	3.0	54	420.0	False		1.0	j-	1.45	0.04235	False	2.461538553237915	2.461538553237915	2.5
				acquisition-ABCD_datatype-func_run-1_session-HBNsiteCBIC_suffix-bold_task-peer__1	acquisition-ABCD_datatype-func_run-1_session-HBNsiteCBIC_suffix-bold_task-peer	1	24	90	90	66	0.03	0.000500005	52	True	LAS+	24	func	6.0	66	135.0	True		1.0	j-	0.8	0.0445004	False	2.4000000953674316	2.4000000953674316	2.3999998569488525
				acquisition-ABCD_datatype-func_run-2_session-HBNsiteCBIC_suffix-bold_task-peer__1	acquisition-ABCD_datatype-func_run-2_session-HBNsiteCBIC_suffix-bold_task-peer	1	24	90	90	66	0.03	0.000500005	52	True	LAS+	24	func	6.0	66	135.0	True		1.0	j-	0.8	0.0445004	False	2.4000000953674316	2.4000000953674316	2.3999998569488525
				acquisition-ABCD_datatype-func_run-1_session-HBNsiteCBIC_suffix-bold_task-rest__1	acquisition-ABCD_datatype-func_run-1_session-HBNsiteCBIC_suffix-bold_task-rest	1	23	90	90	66	0.03	0.000500005	52	True	LAS+	23	func	6.0	66	370.0	True		1.0	j-	0.8	0.0445004	False	2.4000000953674316	2.4000000953674316	2.4000000953674316
				acquisition-ABCD_datatype-func_run-2_session-HBNsiteCBIC_suffix-bold_task-rest__1	acquisition-ABCD_datatype-func_run-2_session-HBNsiteCBIC_suffix-bold_task-rest	1	23	90	90	66	0.03	0.000500005	52	True	LAS+	23	func	6.0	66	370.0	True		1.0	j-	0.8	0.0445004	False	2.4000000953674316	2.4000000953674316	2.4000000953674316
				acquisition-ABCD_datatype-func_session-HBNsiteCBIC_suffix-bold_task-movieTP__1	acquisition-ABCD_datatype-func_session-HBNsiteCBIC_suffix-bold_task-movieTP	1	23	90	90	66	0.03	0.000500005	52	True	LAS+	23	func	6.0	66	255.0	True		1.0	j-	0.8	0.0445004	False	2.4000000953674316	2.4000000953674316	2.3999998569488525
				acquisition-ABCD_datatype-func_run-3_session-HBNsiteCBIC_suffix-bold_task-peer__1	acquisition-ABCD_datatype-func_run-3_session-HBNsiteCBIC_suffix-bold_task-peer	1	22	90	90	66	0.03	0.000500005	52	True	LAS+	22	func	6.0	66	135.0	True		1.0	j-	0.8	0.0445004	False	2.4000000953674316	2.4000000953674316	2.3999998569488525
				acquisition-VARIANTObliquity_datatype-func_run-2_session-HBNsiteCBIC_suffix-bold_task-peer__1	acquisition-VARIANTObliquity_datatype-func_run-2_session-HBNsiteCBIC_suffix-bold_task-peer	1	22	84	84	60	0.03	0.000589987	31	True	LAS+	22	func	6.0	60	135.0	False		1.0	j-	0.8	0.0489689	False	2.4285714626312256	2.4285714626312256	2.3999998569488525
				acquisition-ABCD_datatype-func_session-HBNsiteCBIC_suffix-bold_task-movieDM__1	acquisition-ABCD_datatype-func_session-HBNsiteCBIC_suffix-bold_task-movieDM	1	21	90	90	66	0.03	0.000500005	52	True	LAS+	21	func	6.0	66	752.0	True		1.0	j-	0.8	0.0445004	False	2.4000000953674316	2.4000000953674316	2.3999998569488525
				acquisition-VARIANTObliquity_datatype-func_run-1_session-HBNsiteRU_suffix-bold_task-peer__1	acquisition-VARIANTObliquity_datatype-func_run-1_session-HBNsiteRU_suffix-bold_task-peer	1	13	84	84	60	0.03	0.000580013	31	True	LAS+	13	func	6.0	60	135.0	False		1.0	j-	0.8	0.0481411	False	2.4285714626312256	2.4285714626312256	2.3999998569488525
				acquisition-VARIANTNoFmap_datatype-func_run-1_session-HBNsiteRU_suffix-bold_task-rest__1	acquisition-VARIANTNoFmap_datatype-func_run-1_session-HBNsiteRU_suffix-bold_task-rest	1	11	84	84	60	0.03	0.000580013	31	False	LAS+	11	func	6.0	60	375.0	True		1.0	j-	0.8	0.0481411	False	2.4285714626312256	2.4285714626312256	2.4000000953674316
				acquisition-VARIANTObliquity_datatype-func_run-1_session-HBNsiteRU_suffix-bold_task-rest__1	acquisition-VARIANTObliquity_datatype-func_run-1_session-HBNsiteRU_suffix-bold_task-rest	1	11	84	84	60	0.03	0.000580013	31	True	LAS+	11	func	6.0	60	375.0	False		1.0	j-	0.8	0.0481411	False	2.4285714626312256	2.4285714626312256	2.3999998569488525
				acquisition-VARIANTObliquity_datatype-func_run-3_session-HBNsiteRU_suffix-bold_task-peer__1	acquisition-VARIANTObliquity_datatype-func_run-3_session-HBNsiteRU_suffix-bold_task-peer	1	10	84	84	60	0.03	0.000580013	31	True	LAS+	10	func	6.0	60	135.0	False		1.0	j-	0.8	0.0481411	False	2.4285714626312256	2.4285714626312256	2.3999998569488525
				acquisition-VARIANTObliquity_datatype-func_session-HBNsiteRU_suffix-bold_task-movieDM__1	acquisition-VARIANTObliquity_datatype-func_session-HBNsiteRU_suffix-bold_task-movieDM	1	9	84	84	60	0.03	0.000580013	31	True	LAS+	9	func	6.0	60	750.0	False		1.0	j-	0.8	0.0481411	False	2.4285714626312256	2.4285714626312256	2.3999998569488525
				acquisition-VARIANTObliquity_datatype-func_run-2_session-HBNsiteRU_suffix-bold_task-rest__1	acquisition-VARIANTObliquity_datatype-func_run-2_session-HBNsiteRU_suffix-bold_task-rest	1	8	84	84	60	0.03	0.000580013	31	True	LAS+	8	func	6.0	60	375.0	False		1.0	j-	0.8	0.0481411	False	2.4285714626312256	2.4285714626312256	2.3999998569488525
				acquisition-VARIANTObliquity_datatype-func_session-HBNsiteRU_suffix-bold_task-movieTP__1	acquisition-VARIANTObliquity_datatype-func_session-HBNsiteRU_suffix-bold_task-movieTP	1	8	84	84	60	0.03	0.000580013	31	True	LAS+	8	func	6.0	60	250.0	False		1.0	j-	0.8	0.0481411	False	2.4285714626312256	2.4285714626312256	2.3999998569488525
				acquisition-VARIANTNoFmap_datatype-func_run-1_session-HBNsiteRU_suffix-bold_task-peer__1	acquisition-VARIANTNoFmap_datatype-func_run-1_session-HBNsiteRU_suffix-bold_task-peer	1	7	84	84	60	0.03	0.000580013	31	False	LAS+	7	func	6.0	60	135.0	True		1.0	j-	0.8	0.0481411	False	2.4285714626312256	2.4285714626312256	2.4000000953674316
				acquisition-VARIANTNoFmap_datatype-func_run-2_session-HBNsiteRU_suffix-bold_task-rest__1	acquisition-VARIANTNoFmap_datatype-func_run-2_session-HBNsiteRU_suffix-bold_task-rest	1	7	84	84	60	0.03	0.000580013	31	False	LAS+	7	func	6.0	60	375.0	True		1.0	j-	0.8	0.0481411	False	2.4285714626312256	2.4285714626312256	2.4000000953674316
				acquisition-VARIANTNumVolumes_datatype-func_session-HBNsiteRU_suffix-bold_task-movieDM__1	acquisition-VARIANTNumVolumes_datatype-func_session-HBNsiteRU_suffix-bold_task-movieDM	1	1	84	84	60	0.03	0.000580013	31	True	LAS+	7	func	6.0	60	340.0	True		1.0	j-	0.8	0.0481411	False	2.4285714626312256	2.4285714626312256	2.3999998569488525
				acquisition-VARIANTNumVolumes_datatype-func_session-HBNsiteRU_suffix-bold_task-movieDM__2	acquisition-VARIANTNumVolumes_datatype-func_session-HBNsiteRU_suffix-bold_task-movieDM	2	1	84	84	60	0.03	0.000580013	31	True	LAS+	7	func	6.0	60	748.0	True		1.0	j-	0.8	0.0481411	False	2.4285714626312256	2.4285714626312256	2.4000000953674316
				acquisition-VARIANTNumVolumes_datatype-func_session-HBNsiteRU_suffix-bold_task-movieDM__3	acquisition-VARIANTNumVolumes_datatype-func_session-HBNsiteRU_suffix-bold_task-movieDM	3	1	84	84	60	0.03	0.000580013	31	True	LAS+	7	func	6.0	60	657.0	True		1.0	j-	0.8	0.0481411	False	2.4285714626312256	2.4285714626312256	2.4000000953674316
				acquisition-VARIANTNumVolumes_datatype-func_session-HBNsiteRU_suffix-bold_task-movieDM__4	acquisition-VARIANTNumVolumes_datatype-func_session-HBNsiteRU_suffix-bold_task-movieDM	4	1	84	84	60	0.03	0.000580013	31	True	LAS+	7	func	6.0	60	375.0	True		1.0	j-	0.8	0.0481411	False	2.4285714626312256	2.4285714626312256	2.4000000953674316
				acquisition-VARIANTNumVolumes_datatype-func_session-HBNsiteRU_suffix-bold_task-movieDM__5	acquisition-VARIANTNumVolumes_datatype-func_session-HBNsiteRU_suffix-bold_task-movieDM	5	1	84	84	60	0.03	0.000580013	31	True	LAS+	7	func	6.0	60	289.0	True		1.0	j-	0.8	0.0481411	False	2.4285714626312256	2.4285714626312256	2.4000000953674316
				acquisition-VARIANTNumVolumes_datatype-func_session-HBNsiteRU_suffix-bold_task-movieDM__6	acquisition-VARIANTNumVolumes_datatype-func_session-HBNsiteRU_suffix-bold_task-movieDM	6	1	84	84	60	0.03	0.000580013	31	True	LAS+	7	func	6.0	60	574.0	True		1.0	j-	0.8	0.0481411	False	2.4285714626312256	2.4285714626312256	2.4000000953674316
				acquisition-VARIANTNumVolumes_datatype-func_session-HBNsiteRU_suffix-bold_task-movieDM__7	acquisition-VARIANTNumVolumes_datatype-func_session-HBNsiteRU_suffix-bold_task-movieDM	7	1	84	84	60	0.03	0.000580013	31	True	LAS+	7	func	6.0	60	594.0	True		1.0	j-	0.8	0.0481411	False	2.4285714626312256	2.4285714626312256	2.3999998569488525
				acquisition-VARIANTNoFmap_datatype-func_run-2_session-HBNsiteRU_suffix-bold_task-peer__1	acquisition-VARIANTNoFmap_datatype-func_run-2_session-HBNsiteRU_suffix-bold_task-peer	1	5	84	84	60	0.03	0.000580013	31	False	LAS+	5	func	6.0	60	135.0	True		1.0	j-	0.8	0.0481411	False	2.4285714626312256	2.4285714626312256	2.4000000953674316
				acquisition-VARIANTObliquity_datatype-func_run-2_session-HBNsiteRU_suffix-bold_task-peer__1	acquisition-VARIANTObliquity_datatype-func_run-2_session-HBNsiteRU_suffix-bold_task-peer	1	5	84	84	60	0.03	0.000580013	31	True	LAS+	5	func	6.0	60	135.0	False		1.0	j-	0.8	0.0481411	False	2.4285714626312256	2.4285714626312256	2.3999998569488525
				acquisition-VARIANTNoFmap_datatype-func_run-3_session-HBNsiteRU_suffix-bold_task-peer__1	acquisition-VARIANTNoFmap_datatype-func_run-3_session-HBNsiteRU_suffix-bold_task-peer	1	4	84	84	60	0.03	0.000580013	31	False	LAS+	4	func	6.0	60	135.0	True		1.0	j-	0.8	0.0481411	False	2.4285714626312256	2.4285714626312256	2.4000000953674316
				acquisition-VARIANTNoFmap_datatype-func_session-HBNsiteRU_suffix-bold_task-movieDM__1	acquisition-VARIANTNoFmap_datatype-func_session-HBNsiteRU_suffix-bold_task-movieDM	1	4	84	84	60	0.03	0.000580013	31	False	LAS+	4	func	6.0	60	750.0	True		1.0	j-	0.8	0.0481411	False	2.4285714626312256	2.4285714626312256	2.4000000953674316
				acquisition-VARIANTEchoTimeEffectiveEchoSpacingPhaseEncodingDirectionTotalReadoutTime_datatype-func_run-1_session-HBNsiteRU_suffix-bold_task-peer__1	acquisition-VARIANTEchoTimeEffectiveEchoSpacingPhaseEncodingDirectionTotalReadoutTime_datatype-func_run-1_session-HBNsiteRU_suffix-bold_task-peer	1	3	84	84	60	0.0356	0.000710011	31	True	LAS+	3	func	6.0	60	135.0	True		1.0	i	0.8	0.0589309	False	2.4285714626312256	2.4285714626312256	2.4000000953674316
				acquisition-VARIANTNoFmap_datatype-func_session-HBNsiteRU_suffix-bold_task-movieTP__1	acquisition-VARIANTNoFmap_datatype-func_session-HBNsiteRU_suffix-bold_task-movieTP	1	3	84	84	60	0.03	0.000580013	31	False	LAS+	3	func	6.0	60	250.0	True		1.0	j-	0.8	0.0481411	False	2.4285714626312256	2.4285714626312256	2.4000000953674316
				acquisition-VARIANTNumVolumes_datatype-func_session-HBNsiteCBIC_suffix-bold_task-movieDM__1	acquisition-VARIANTNumVolumes_datatype-func_session-HBNsiteCBIC_suffix-bold_task-movieDM	1	1	84	84	60	0.03	0.000589987	31	True	LAS+	3	func	6.0	60	353.0	True		1.0	j-	0.8	0.0489689	False	2.4285714626312256	2.4285714626312256	2.4000000953674316
				acquisition-VARIANTNumVolumes_datatype-func_session-HBNsiteCBIC_suffix-bold_task-movieDM__2	acquisition-VARIANTNumVolumes_datatype-func_session-HBNsiteCBIC_suffix-bold_task-movieDM	2	1	84	84	60	0.03	0.000589987	31	True	LAS+	3	func	6.0	60	708.0	True		1.0	j-	0.8	0.0489689	False	2.4285714626312256	2.4285714626312256	2.3999998569488525
				acquisition-VARIANTNumVolumes_datatype-func_session-HBNsiteCBIC_suffix-bold_task-movieDM__3	acquisition-VARIANTNumVolumes_datatype-func_session-HBNsiteCBIC_suffix-bold_task-movieDM	3	1	84	84	60	0.03	0.000589987	31	True	LAS+	3	func	6.0	60	277.0	True		1.0	j-	0.8	0.0489689	False	2.4285714626312256	2.4285714626312256	2.3999998569488525
				acquisition-VARIANTObliquity_datatype-func_run-3_session-HBNsiteCUNY_suffix-bold_task-peer__1	acquisition-VARIANTObliquity_datatype-func_run-3_session-HBNsiteCUNY_suffix-bold_task-peer	1	3	84	84	60	0.03	0.000589987	31	True	LAS+	3	func	6.0	60	135.0	True		1.0	j-	0.8	0.0489689	False	2.4285714626312256	2.4285714626312256	2.4000000953674316
				acquisition-VARIANTObliquity_datatype-func_session-HBNsiteCUNY_suffix-bold_task-movieTP__1	acquisition-VARIANTObliquity_datatype-func_session-HBNsiteCUNY_suffix-bold_task-movieTP	1	3	84	84	60	0.03	0.000589987	31	True	LAS+	3	func	6.0	60	250.0	True		1.0	j-	0.8	0.0489689	False	2.4285714626312256	2.4285714626312256	2.4000000953674316
				acquisition-ABCDVARIANTNumVolumes_datatype-func_session-HBNsiteCBIC_suffix-bold_task-movieDM__1	acquisition-ABCDVARIANTNumVolumes_datatype-func_session-HBNsiteCBIC_suffix-bold_task-movieDM	1	2	90	90	66	0.03	0.000500005	52	True	LAS+	2	func	6.0	66	748.0	True		1.0	j-	0.8	0.0445004	False	2.4000000953674316	2.4000000953674316	2.4000000953674316
				acquisition-VARIANTNoFmap_datatype-func_session-HBNsiteSI_suffix-bold_task-rest__1	acquisition-VARIANTNoFmap_datatype-func_session-HBNsiteSI_suffix-bold_task-rest	1	2	78	78	54	0.04	0.000550001	55	False	LAS+	2	func	3.0	54	420.0	True		1.0	j-	1.45	0.04235	False	2.461538553237915	2.461538553237915	2.5
				acquisition-VARIANTNumVolumes_datatype-func_run-2_session-HBNsiteRU_suffix-bold_task-rest__1	acquisition-VARIANTNumVolumes_datatype-func_run-2_session-HBNsiteRU_suffix-bold_task-rest	1	1	84	84	60	0.03	0.000580013	31	True	LAS+	2	func	6.0	60	263.0	True		1.0	j-	0.8	0.0481411	False	2.4285714626312256	2.4285714626312256	2.4000000953674316
				acquisition-VARIANTNumVolumes_datatype-func_run-2_session-HBNsiteRU_suffix-bold_task-rest__2	acquisition-VARIANTNumVolumes_datatype-func_run-2_session-HBNsiteRU_suffix-bold_task-rest	2	1	84	84	60	0.03	0.000580013	31	True	LAS+	2	func	6.0	60	294.0	True		1.0	j-	0.8	0.0481411	False	2.4285714626312256	2.4285714626312256	2.4000000953674316
				acquisition-VARIANTObliquity_datatype-func_run-1_session-HBNsiteCUNY_suffix-bold_task-peer__1	acquisition-VARIANTObliquity_datatype-func_run-1_session-HBNsiteCUNY_suffix-bold_task-peer	1	2	84	84	60	0.03	0.000589987	31	True	LAS+	2	func	6.0	60	135.0	True		1.0	j-	0.8	0.0489689	False	2.4285714626312256	2.4285714626312256	2.4000000953674316
				acquisition-VARIANTObliquity_datatype-func_run-1_session-HBNsiteCUNY_suffix-bold_task-rest__1	acquisition-VARIANTObliquity_datatype-func_run-1_session-HBNsiteCUNY_suffix-bold_task-rest	1	2	84	84	60	0.03	0.000589987	31	True	LAS+	2	func	6.0	60	375.0	True		1.0	j-	0.8	0.0489689	False	2.4285714626312256	2.4285714626312256	2.4000000953674316
				acquisition-VARIANTObliquity_datatype-func_run-2_session-HBNsiteCUNY_suffix-bold_task-rest__1	acquisition-VARIANTObliquity_datatype-func_run-2_session-HBNsiteCUNY_suffix-bold_task-rest	1	2	84	84	60	0.03	0.000589987	31	True	LAS+	2	func	6.0	60	375.0	True		1.0	j-	0.8	0.0489689	False	2.4285714626312256	2.4285714626312256	2.4000000953674316
				acquisition-VARIANTObliquity_datatype-func_session-HBNsiteCUNY_suffix-bold_task-movieDM__1	acquisition-VARIANTObliquity_datatype-func_session-HBNsiteCUNY_suffix-bold_task-movieDM	1	2	84	84	60	0.03	0.000589987	31	True	LAS+	2	func	6.0	60	750.0	True		1.0	j-	0.8	0.0489689	False	2.4285714626312256	2.4285714626312256	2.4000000953674316
				acquisition-VARIANTDim2Size_datatype-func_session-HBNsiteSI_suffix-bold_task-rest__1	acquisition-VARIANTDim2Size_datatype-func_session-HBNsiteSI_suffix-bold_task-rest	1	1	78	76	54	0.04	0.00055001	55	True	LAS+	1	func	3.0	54	420.0	True		1.0	j-	1.45	0.0412508	False	2.461538553237915	2.461538553237915	2.5
				acquisition-VARIANTEchoTimeEffectiveEchoSpacingPhaseEncodingDirectionTotalReadoutTime_datatype-func_run-1_session-HBNsiteRU_suffix-bold_task-rest__1	acquisition-VARIANTEchoTimeEffectiveEchoSpacingPhaseEncodingDirectionTotalReadoutTime_datatype-func_run-1_session-HBNsiteRU_suffix-bold_task-rest	1	1	84	84	60	0.0356	0.000710011	31	True	LAS+	1	func	6.0	60	750.0	True		1.0	i	0.8	0.0589309	False	2.4285712242126465	2.4285714626312256	2.4000003337860107
				acquisition-VARIANTNoFmap_datatype-func_run-1_session-HBNsiteCBIC_suffix-bold_task-rest__1	acquisition-VARIANTNoFmap_datatype-func_run-1_session-HBNsiteCBIC_suffix-bold_task-rest	1	1	84	84	60	0.03	0.000589987	31	False	LAS+	1	func	6.0	60	375.0	True		1.0	j-	0.8	0.0489689	False	2.4285714626312256	2.4285714626312256	2.4000000953674316
				acquisition-VARIANTNoFmap_datatype-func_run-2_session-HBNsiteCBIC_suffix-bold_task-rest__1	acquisition-VARIANTNoFmap_datatype-func_run-2_session-HBNsiteCBIC_suffix-bold_task-rest	1	1	84	84	60	0.03	0.000589987	31	False	LAS+	1	func	6.0	60	375.0	True		1.0	j-	0.8	0.0489689	False	2.4285714626312256	2.4285714626312256	2.4000000953674316
				acquisition-VARIANTNoFmap_datatype-func_session-HBNsiteCBIC_suffix-bold_task-movieTP__1	acquisition-VARIANTNoFmap_datatype-func_session-HBNsiteCBIC_suffix-bold_task-movieTP	1	1	84	84	60	0.03	0.000589987	31	False	LAS+	1	func	6.0	60	250.0	True		1.0	j-	0.8	0.0489689	False	2.4285714626312256	2.4285714626312256	2.4000000953674316
				acquisition-VARIANTNumVolumesObliquity_datatype-func_session-HBNsiteCBIC_suffix-bold_task-movieDM__1	acquisition-VARIANTNumVolumesObliquity_datatype-func_session-HBNsiteCBIC_suffix-bold_task-movieDM	1	1	84	84	60	0.03	0.000589987	31	True	LAS+	1	func	6.0	60	620.0	False		1.0	j-	0.8	0.0489689	False	2.4285714626312256	2.4285714626312256	2.3999998569488525
				acquisition-VARIANTNumVolumesObliquity_datatype-func_session-HBNsiteRU_suffix-bold_task-movieDM__1	acquisition-VARIANTNumVolumesObliquity_datatype-func_session-HBNsiteRU_suffix-bold_task-movieDM	1	1	84	84	60	0.03	0.000580013	31	True	LAS+	1	func	6.0	60	749.0	False		1.0	j-	0.8	0.0481411	False	2.4285714626312256	2.4285714626312256	2.4000000953674316
				acquisition-VARIANTNumVolumes_datatype-func_run-1_session-HBNsiteCBIC_suffix-bold_task-rest__1	acquisition-VARIANTNumVolumes_datatype-func_run-1_session-HBNsiteCBIC_suffix-bold_task-rest	1	1	84	84	60	0.03	0.000589987	31	True	LAS+	1	func	6.0	60	303.0	True		1.0	j-	0.8	0.0489689	False	2.4285714626312256	2.4285714626312256	2.4000000953674316
				acquisition-VARIANTNumVolumes_datatype-func_run-2_session-HBNsiteRU_suffix-bold_task-peer__1	acquisition-VARIANTNumVolumes_datatype-func_run-2_session-HBNsiteRU_suffix-bold_task-peer	1	1	84	84	60	0.03	0.000580013	31	True	LAS+	1	func	6.0	60	134.0	True		1.0	j-	0.8	0.0481411	False	2.4285714626312256	2.4285714626312256	2.4000000953674316
				acquisition-VARIANTNumVolumes_datatype-func_session-HBNsiteCUNY_suffix-bold_task-movieDM__1	acquisition-VARIANTNumVolumes_datatype-func_session-HBNsiteCUNY_suffix-bold_task-movieDM	1	1	84	84	60	0.03	0.000589987	31	True	LAS+	1	func	6.0	60	589.0	False		1.0	j-	0.8	0.0489689	False	2.4285714626312256	2.4285714626312256	2.3999998569488525
				acquisition-VARIANTNumVolumes_datatype-func_session-HBNsiteRU_suffix-bold_task-movieTP__1	acquisition-VARIANTNumVolumes_datatype-func_session-HBNsiteRU_suffix-bold_task-movieTP	1	1	84	84	60	0.03	0.000580013	31	True	LAS+	1	func	6.0	60	227.0	True		1.0	j-	0.8	0.0481411	False	2.4285714626312256	2.4285714626312256	2.4000000953674316
				acquisition-VARIANTObliquityNoFmap_datatype-func_run-1_session-HBNsiteCBIC_suffix-bold_task-rest__1	acquisition-VARIANTObliquityNoFmap_datatype-func_run-1_session-HBNsiteCBIC_suffix-bold_task-rest	1	1	84	84	60	0.03	0.000589987	31	False	LAS+	1	func	6.0	60	375.0	False		1.0	j-	0.8	0.0489689	False	2.4285714626312256	2.4285714626312256	2.3999998569488525
				acquisition-VARIANTObliquityNoFmap_datatype-func_run-1_session-HBNsiteRU_suffix-bold_task-peer__1	acquisition-VARIANTObliquityNoFmap_datatype-func_run-1_session-HBNsiteRU_suffix-bold_task-peer	1	1	84	84	60	0.03	0.000580013	31	False	LAS+	1	func	6.0	60	135.0	False		1.0	j-	0.8	0.0481411	False	2.4285714626312256	2.4285714626312256	2.4000000953674316
				acquisition-VARIANTObliquityNoFmap_datatype-func_run-2_session-HBNsiteRU_suffix-bold_task-peer__1	acquisition-VARIANTObliquityNoFmap_datatype-func_run-2_session-HBNsiteRU_suffix-bold_task-peer	1	1	84	84	60	0.03	0.000580013	31	False	LAS+	1	func	6.0	60	135.0	False		1.0	j-	0.8	0.0481411	False	2.4285714626312256	2.4285714626312256	2.4000000953674316
				acquisition-VARIANTObliquityNoFmap_datatype-func_run-3_session-HBNsiteCBIC_suffix-bold_task-peer__1	acquisition-VARIANTObliquityNoFmap_datatype-func_run-3_session-HBNsiteCBIC_suffix-bold_task-peer	1	1	84	84	60	0.03	0.000589987	31	False	LAS+	1	func	6.0	60	135.0	False		1.0	j-	0.8	0.0489689	False	2.4285714626312256	2.4285714626312256	2.3999998569488525
				acquisition-VARIANTObliquityNoFmap_datatype-func_session-HBNsiteCBIC_suffix-bold_task-movieTP__1	acquisition-VARIANTObliquityNoFmap_datatype-func_session-HBNsiteCBIC_suffix-bold_task-movieTP	1	1	84	84	60	0.03	0.000589987	31	False	LAS+	1	func	6.0	60	250.0	False		1.0	j-	0.8	0.0489689	False	2.4285714626312256	2.4285714626312256	2.3999998569488525
